date,ratings,helpful,comment
2020-11-06,3,13,"솔직히 많이 부족한 앱이라고 생각합니다. 여러 은행 등록가능한건 좋지만 이런 어플에는 기본이고, 사용내역 갱신 속도가 많이 개선되어야 할 것 같아요. 아무리 다른 은행 내역을 불러오는 것이라도 갱신속도가 느리다는 건 많이 아쉽네요."
2020-11-15,3,4,데이터가 중복으로 떠서 지우기를 반복하다가 서비스 해지까지했는데 업데이트가 있었네요. 앱에 로긴하면 업데이트를 알려주거나 자동설치되게 해주세요.
2020-11-01,2,17,"기본 테스트도 안하고 출시한 앱 같아요. 인증서 등록 무한반복, 지문등록 무한반복 등 오류 투성이에요. 똥개 훈련 시키는거 같아요."
2020-10-29,4,16,KB마이머니에 로그인 하면 KB스타알림에 스마트폰뱅킹 아이디로 로그인 했다고 알림이 뜹니다. 처음에는 스타뱅킹 해킹된 줄 알고 놀랐네요
2020-09-01,1,81,"가계부는 매일 입력된 지출카테고리를, 매달 지출 카테고리별 총 금액으로, 한눈에 보려는 의미가 있습니다. 입력은 했는데 카테고리별 조회기능 이 없는것같습니다. 예전 지출 통계의 기능 이 상실되서 아쉽습니다. 3~5개의 큰 지출금액만 보여주는게 고객입장에서는 지출 관리가 안되어서 매우 불편합니다. 지출관리보다 자산관리에만 집중된앱인것같네요."
2020-10-26,1,8,"이틀어 한번 꼴로 기기 오류에 업데이트 오류... 그나마 서비스는 뱅크샐러드 베껴서 그냥 저냥인데, 개발자들이 후진 것인지.... 이렇게 반복적으로 오류가 나는 업도 드물듯... 스마트 폰 사용 10년만에 최초로 앱 평가를 하게 만드는 기적의 앱... 정말 개발자들의 역량이 의심 됨.."
2020-10-27,4,1,여러 곳의 금융정보를 한곳에 모아보는 것이 좋아요. 은행.증권.보험 다 연동되니까요. 그런데 요 몇일 국민은행이 조회가 안됩니다. 빠른 해결 바랍니다.
2020-10-23,1,11,어플좀 하나로 통합하면 안될까요? 국민은행부터 카드까지 깔려있는 앱만 7개나 됩니다. 개발도 좋지만 정리좀 하는게 좋게습니다. 기능하나하나 어플만들꺼 아니잖아요.
2020-10-12,1,4,오류가 너무너무 많이나고 렉도 엄청많이 나네요 ㅠㅠ 오류가 너무 심해서 별로에요. 그래도 은행들 등록해서 자동으로 지출 수입이 찍히는 건 좋은데 오류나는 것 좀 어떻게 해주세요..
2020-08-27,1,33,대출등록시 한국주택금융공사도 없고 전부 입력후 저장하기버튼 누르면 이율표시부분도 깨지고 저장도안되고 오류팝업 발생됨 대출만기일이 2050년인데 달력으로 입력할수도없고 수동으로 입력했더니 저장안되는듯 앱 수정후 업데이트바람
2020-10-13,1,10,잘 사용하고 있었는데 이번 10월9일 업데이트 하더니 왜 국민은행 계좌를 연동못하죠? 가끔 로그인라면 국민은행으로 들어가지는 어처구니는 그래도 애교네요. 얼른 업뎃 안하면 앱 버립니다.
2020-08-03,3,87,"디자인도 귀엽고 공인인증서로 계좌 카드 내역 불러오는데 빠짐없이 잘들어오는것같습니다. 평생 쓰게해주세요!! 댓글처음남겨요 진짜루ㅠㅠㅠ 추가되면 좋을것들..(조금 기본적인것들인데..) + 카테고리 기존것도 삭제 가능하면 좋을것같아요(현재는 내가 추가로 등록한 카테고리만 삭제가능합니다) +카테고리 위치변경도 가능하면 좋을것같아용 +카테고리 자동분류 시스템이 다른 가계부 앱(토스,뱅크샐러드)들에 비해 모자란것같아요 (보험료=출금이체, 결산이자=임금이체...) +위에거 개선이 힘들면 카테고리..""동일한 거래처의 지출내역의 카테고리를 모두 변경""같은 거라도 만들어주심이... +제가 화면을 자주 왔다갔다해서 그런지 모르겠는데 로그아웃이 너무 자주 자동적으로 되네요 ㅠ 조금 불편해요 ㅠ"
2020-08-28,4,4,"롯데카드 등 여러 기관이 등록은 되지만, 내역이 불러들여지지 않고 오류가 나네요. 오류나는 금융기관들만 해결되면 아주 좋은 앱임."
2020-10-07,1,3,[앱 평가할 돈이 아까워서 취준생 갈아넣는 악덕은행] 앱 만들었는데 잘안되니까 취준생 끌어모아서 어떻게든 다운로드 수 올려보겠다는 꼬롬한 꼼수 모를줄 알았냐. 그렇게 찌질하게 살지말고 앱이나 더 잘만들어라. 어떻게 리뷰에 욕만 가득이냐 에휴 ㅉㅉ. 칭찬 리뷰도 알바나 직원 다 티난다 제발 말투 좀 바꿔서 올려라. 누가 리뷰를 저렇게 상사한테 아부하듯이 쓰냐. 전파낭비 그만하고 취준한테 사과 영상이나 찍던가ㅋ
2020-09-28,2,1,"제가 계좌가 없고 만들수가 없어서 못들어갑니다. 그런데 국민은행 과제를 해야하는데, 이게 무료금융분석 서비스를 제공해주는 앱인가요? 아니면 리브가 그건가요"
2020-09-11,3,2,다른 은행들은 흩어진 어플도 하나로 합치려는데 KB국민은 있는 어플도 쪼개려는 것 같아서 불편합니다. 기능 자체는 만족합니다.
2020-07-03,5,90,제 자산을 한눈에 볼수있어서 좋아요. 수입 지출내역과 저축을 얼마할지도 설정할수있구요! 자산관리를 어떻게 할지 간단하게 정리 할수있으니까 매일 들어가면서 지름신의 절제력을 키워줍니ㅣ닼ㅋㅋㅋ 결론은 계속 이용할거에요. 좋은어플!
2020-10-03,5,1,역시 KB에서 나온 것이라 믿음이 갑니다.오류발생이 전혀 없습니다.감사.
2020-08-10,5,20,여기저기 분산되어있는 자산이나 보험 카드까지 한번에 조회하고 정리할수있어서 정말좋아요! 자산관리 어플 많은데 마이머니에 정착했습니다!
2020-06-13,2,71,체크카드로 결제한게 지출이지 왜 출금이체로 지출로 안잡히는 건가요? 기준 이상하게 만들어놨네요. 출금이체 지출로 잡히도록 설정 못바꾸나요?
2020-08-27,3,3,카드나 증권사가 등록오류되는 부분이 많아서 사용하기 불편해요
2020-07-02,1,28,토스 진단이 더 나아요 체크카드 사용을 왜 모두 계좌이체로 항목을 분류한건지 이해가 안가네요; 한달 이용 내역 제대로 보고 싶었는데 이게 뭔지;
2020-07-03,5,22,처음엔 타 자산분석 앱대비 조금 부족했으나 지금은 자산어드바이저 기능부터 상품연계까지 좋네요. 특히 오픈뱅킹 기능과 연계되니 자산분석이 잘 되는 것 같습니다
2020-09-02,1,2,헐? 리뷰열심히 써올렸는데 날아가고없네요? 불평이라 삭제하신? 불편한점을 또발견해서 추가하려니 없어진 리뷰... 이러면 리뷰남기는 의미가있나요? 이것도 삭제될것같은.....
2020-08-12,5,1,금융기관 등록하지 않았는데 내가 사용했던 기관들 자산이 나와서 좋네요. 덕분에 잊고있었던 몇마넌 벌었어요.
2020-07-09,2,3,앱을 열고 클릭을 하면 창이 닫혀 볼 수가 없어요 자주 그런것 같아요 여러번 로그인을 하게 만드네요
2020-06-17,1,28,엉터리... 하나도 안맞네요 지출수입내역이 하나도 없다니 전혀 작동안되는 깡통앱인듯..... 이런앱은 미련없이 삭제합니다.
2020-08-05,5,3,한눈에 전체자산을 볼수있으니 확실히 편리하네요 쓰면서 이벤트도 하니 정말 좋았습니다
2020-07-06,5,4,"KB모바일 인증서를 통한 간편하고 안전한 접속. 내 자산을 예금부터 부동산 부채까지 한 눈에 알아볼 수 있도록 깔끔하게 정리해서 보여주며, 내 경제활동을 꼼꼼히 체크하여 올바른 소비와 투자 및 자산 불리기로 안내해줍니다. 또한 한 눈에 내가 보유한 계좌를 관리할 수 있도록 도와주는 오픈뱅킹 서비스까지 너무 유익한 앱입니다. 다양한 이벤트 제공으로 접속하는 재미까지 더해주는 KB마이머니 짱짱뱅킹 앱~!"
2020-09-18,3,1,"어플 실행할때마다 업데이트하는데 그게 너무 느림,,"
2020-08-24,3,2,kb 국민에게 바라는 유일한 하나. 여러개로 나뉘어져있는 모바일 앱들을 하나로 통합해서 나와 주는 것.. 제발..
2020-06-15,2,27,아니 뭔 이런 쓰1잘데기없는 앱을 만들었음? 지출 수입내역도 제대로 못잡으면서 버벅거리기는 국민은행 앱들중에 제일 버벅거리네
2020-07-13,3,2,요근래 계속 어플 구동되자마자 강제 종료됩니다. 확인 부탁합니다.
2020-08-15,5,1,완전 대박...다 통합으로 한 번에 찍어주니까 다른 국민은행 앱을 깔 필요가 없네요 ㅋ
2020-07-07,5,2,앱 사용이 간편해서 좋고 이벤트도 많이 있어서 좋습니다.
2020-07-23,3,3,국민은행 앱인데..국민은행과 국민카드만 업데이트 오류가 나네요ㅜ.ㅜ
2020-07-21,1,3,앱실행하는중 로그인중간 또는 로그인후 자꾸튕겨나가요. 한두번이 아니네요
2020-10-22,2,1,마트나 음식점에서 긁은 것도 계촤이체로 처리됨;;; 카테고리 일일히 다 설정해서 지출로 바꿔줘야됨 완전 귀찮아서 때려침
2020-07-01,1,2,어마무시하게 팅겨요 ㅠㅠㅠ 로그인만 몇번째인지...후..
2020-07-04,5,1,생활 비용이 어디에 사용 되는지 간편하게 분류해 주니 관리 하기가 편하네요
2020-07-15,3,0,자산등록에서 국민기업계좌는 등록이 안되나요? 계속 업데이트 오류[CZC72E22]가납니다.
2020-08-06,5,0,자산현황을 한눈에 볼 수 있어 좋아요 앞으로도 더욱 발전 하길 기대합니다
2020-07-17,5,0,Very very good-- 보안을 위해 최선을 다해 주세요
2020-06-15,4,2,자산관리 프로그램이네요. 국민은행 이벤트로 알게되어 깔아봤는데~ 자산관리하는데 여러가지로 도움이 되는 앱 같아요.
2020-11-12,5,0,지출을 줄이기 위해 노력하고 있어요.
2020-09-19,1,0,ㅎ.. 왜 9월 14일 이후로 쓴 거는 도대체 업로드가 안 될까요 답답해뒤지는 중 이거 올리자마자 되네요.. 쾌적한 앱 사용하고 싶어요 개발자님 힘내주세요ㅜㅜ
2020-09-07,1,0,1도 주기 싫음. 해지된 통장 데이터도 나옴. 해지한지 5년쯤 지난 데이터인데 어떻게 나오는지 해명이 필요하네요
2019-06-24,1,2,앱이 일단 너무 무겁다. 쓸 수가 없는 정도. 토스나 뱅크샐러드 같은 기타 시중 금융앱들과 비교한다면 사용자 경험은 거의 없는 수준이라도 표현 할 수 있다. 왜냐하면 간단한 이동조차 너무 버벅이고 업데이트는 매우 불편하며 기본적인 기능 제공을 황용하는 것조차 힘들기 때문이다. 한국 시중은행의 안일함과 관료주의를 상징하는 어플리케이션이다. 단언컨데 이 앱을 이용하는 사람은 다른 어플리케이션을 경험하지 못했거나 모바일 환경에 친숙하지 못한 고령자일 것이다.
2019-07-11,1,1,"속도개선이 매우 시급한거같네요. 예~~~전에 설치했다가 그냥 지웠는데 이번에 뭔가 바뀐게있나하고 설치했다가 삭제하고 리뷰 적어요.. 주거래가 KB라서.. 데이터 읽어올때 나머 오래걸리니깐 멈추는것도 있음 좋겠고, 선택해서 읽어오면 좋을거같네요.."
2019-11-02,1,96,예전에 있전 #(해시태그)데이터는 다날아가고 월간 분석 리포트도 날아가고 월단위 수단별 지출현황은 없어져서 많이 불편하네요. ㅡㅡㅡㅡㅡㅡㅡㅡㅡㅡㅡㅡㅡㅡㅡㅡㅡㅡㅡㅡㅡㅡㅡㅡㅡㅡㅡㅡㅡㅡ 답변의 느낌이 쓰고 싶지 않음 그냥 가거라 하는 형식이네요. 사전에 공지를 했으면 데이터를 이관하지 않았을까합니다. 30년동안 한 은행만 지켜왔는데 참 운영이 내로남불 같다는 느낌이네요.
2018-09-29,3,124,"다른 보험사들은 모두 등록성공했는데 현대해상만 등록이 안되네요. 공인인증서 등록했는데도 안되요. 그리고 지출부분 설정에서 같은 업체,기관들이 한꺼번에 같은 방식으로 잡히도록 하는 설정이 잘 안됩니다. 시정부탁드려요."
2020-01-27,4,14,사용 잘하고 있는데 '지출' 탭을 누르면 오류 팝업 메시지가 뜨면서 지출 메뉴가 실행되지 않습니다. 어플 삭제하고 다시 깔았는데도 여전히 그대로네요. - 응답코드 ( CZC1010008 ) 확인해주시고 해결해주셨으면 합니다. 이거 오류빼면 나머지는 잘쓰고 있습니다:)
2019-12-26,1,5,1.자산 등록 후 수정이 안됩니다. 2.보험자산 등록시 만기년도가 2024년까지 밖에 입력이 안되요. 그 이후는 입력불가 3.타은행 계좌 20개 중 18개 등록 오류 KB꺼만 2개 등록. 이게 무슨 통합자산관인가요? 앱을 너무 급히 만드셨나봐요.
2020-01-22,1,16,예전부터 써왔는데 전체적으로 바뀌고나서는 굳이 써야할 이유가 없어졌어요. 바뀌기 전에는 엄청 편하게 잘 썼어요. 매월(당월뿐만이 아닌 지난 달의) 수입 지출 항목을 비교하고 항목별로 내역을 볼 수 있어야하는데 당월 지출항목에 대해서만 나오는게 너무 아쉽습니다. 통계부분에서 많이 아쉬운 어플이 되었어요. 왜이렇게 바뀌었는 개인적으로는 이해가 안되네요.
2019-04-21,2,30,"너무느려요ㅠ 제발 속도좀 개선해주세요! 답답하네요.. 속도만 따지면 자산통합 가계부인데 앱쓰는거보다 차라리 메모장에서 관리하는게 훨씬 빠를듯합니다! 기능은 유용하나 렉이 너무 심해요! 저와같은 건의사항을 올리신분들 답변달린거보니 ""어떤내용을 말하느냐, 자세히 말해달라""라는 똑같은 답변들 뿐인데.. 뭘 더 자세히 말해야하나요! 그냥 전부 다 느립니다! 앱 자체가 로그인부터 메뉴얼 하나하나 눌러 들어가는거도 느리고 조회도느리고 전부다 다 느립니다!!"
2019-02-08,1,4,앱 완성도 매우 부실함. 로그인을 지문으로 설정시 error 발생. 현상: 지문 선택하면 1초 이내에 화면이 바뀌고 일치하지 않는다는 메시지가 뜨면서 error 뜸. * KB스타뱅킹등 관련연동 앱을제거후 재설치 해도 동일한 현상 발생됨.
2019-03-01,2,2,카뱅 케이뱅같은 인터넷은행은 연결이 안되고 현대해상 등록안된다는 피드백이 있음에도 수정이 안되었으며 보험사 중 하나생명은 연결조차 안됨. 자산 통합관리 의도는 좋으나 연결 안되는 것들이 다수 존재하고 일정접속시간이 지나면 강제 로그아웃시키는 것도 불편함. 결론 앱 삭제
2019-08-30,1,22,진짜 평가에 글남기는거 처음이네요...사용 ㄴㄴ...계속 업데이트 하라하고 지문인식 할려먐 스타뱅크앱 가서 설정하라는데 다시 지문인증 해도 안됩니다. 업데이트 하라는 말만 나오고 그다음에 되지도 않고 자산 최신화도 수십번해야지 되고... 신경을 아예 꺼버린 어플 같네요. 카드 등록하려해도 기기가 초기화되어서 다시해야한다는말만 나와요...발전이 없어..
2020-08-31,5,0,이제시작입니다 관리하면 편리할거같네요
2020-01-02,1,4,다른 리뷰들 대로 '안정적인 구동을 위해 업데이트를 확인합니다...0%'에서 실행이 안돼요. 어플을 깔도록 홍보할거면 실행은 잘 되게 만들어 놓거나 아님 어플통합 좀 했으면 좋겠네요. 국민은행 쓰고 싶은데도 이럴때마다 오픈뱅킹은 다른 은행 꺼로 쓸까 싶어져요.
2018-10-15,2,53,아오 빡쳐.... 이체 지출 안잡는거 이해함.. 근데 왜 자동이체 되서 빠져나가는 항목들을 매달 매번 지출을 눌러줘야 하냐고.. 업데이트 실시간에라서 날림뜨자마자 눌러줄서 있는것도 아니고. 내역 업데이트는 한세월이고.. 개빡친다.. ㄷㄷ 자동제출 설정해도 출금시 표시이름이 똑같지 않아서 인지 설정도 안돼 ㅂㄷㅂㄷ
2019-09-12,1,5,통합관리라서 편한 점이 많아요. 그런데 cma통장 입출금 내역은 보이지않네요. 카뱅은 등록도 안되고 주로 이용하는 금융기관에 따라 수입지출을 제대로 파악하기 힘든것 같아요
2020-11-12,2,0,설치가 4번만에 되네요. 사용후에 다시 수정 예정입니다
2019-10-28,1,29,2019.10.25 업데이트 후 실행하고 지문 인증 선택하니 무한 자동 종료. 진짜 한심한 앱이 아닐 수 없습니다. 금융권에서 QA도 제대로 안하고이따위 엉터리 앱을 출시하다니 반성하시오.
2018-09-27,1,129,카드 등록 오류떠도 해결해주지 않고 상담도 받아주지 않는 쓰레기 이래서 카카오뱅크를 쓰는게 더 좋다는 걸 확인시켜준다. 참고로 등록하려는 카드가 국민 지들꺼다 ㅋㅋㅋ 자기들 것도 등록도 안됨 ㅋㅋㅋ
2020-04-11,1,2,증권사 연동도 안되고 제멋대로네요 이럴거면 왜만든건지 ㅡㅡ 그리고 무슨 가계부어플사용하는데 kb은행 어플깔게하고 모바일인증도 시키고 무슨 이런 개고생을 시킵니까?? 뱅크샐러드 사용하다 한번바꿔볼까해서 했는데 한참멀었네요 국민은행 이용자 전용어플로 전환하던지 아니면 반성하세요
2020-02-08,1,5,자산에서 보여지는 산업은행계좌 잔액이 크게상이함. 조회결과 작년 12월16일 오후1시38분이후 잔액이 현재시간까지 업데이트 되지않고있음. 믿을수없는 앱이 확실함 토스도 정확한것을 어찌 국민은행관련 앱인데... ㅉㅉㅉ
2019-11-01,4,4,지문인증을 하려고 하는데 등록된 OTP 또는 보안카드가 없어 등록할 수가 없다고 합니다. 국민은행 및 국민카드를 포함한 타 금융 앱은 이미 등록을 마쳤는데 유독 마이머니만 안됩니다.
2019-11-13,4,0,잘안되네요청려저하가있어서통화가불가합니다 간편하게 사용할 수 없는 것같아요 이것도 저것도 않되니 어떻게 해야할지 모르겠네요 청력저하로 통화를 못하는 원인 이지만 너무나 복잡합니다
2019-10-27,2,1,추가 이자만 아니면 폰 용량만 까먹는 쓸데없는 앱. KB는 그 많은 앱 잘 만들어 놓고 통합 로그인 솔루션 하나 제대로 못하는거면 이렇게 너저분하게 앱을 만들 필요가 있는지 좀 생각해보자.
2019-01-26,1,3,"업데이트 속도 너무 느림, 로그인 오류 많음...쓰다가 답답해서 삭제했다가....혹시나 업데이트 되었을까 싶어서 다시 깔았는데....바로 다시 지움...전체적으로 뜯어고쳐야 하지 않을까 싶네요..."
2019-12-30,5,0,기존에 가계부를 뱅크샐러드로 쓰고 있었는데 주거래인 국민은행에서 나와서 사용해 봤더니 괜찮네요 약간의 차이는 있지만 여기는 진단이라는게 있어서 뭔가 볼게 더 많네요 디자인도 맘에들고 계속계속 발전 부탁드려요
2019-10-30,1,6,지금 업데이트한 후로 앱에 들어가지지가 않습니다. 앱을 누르면 로딩되는 척 하다가 꺼집니다. 일주일째 금융관리를 할 수가 없네요. 업데이트 제대로 마무리해주세요.
2019-12-17,3,3,아직 타기관 자산 등록이 잘 안되고 오류도 많아 다운이 자주 되네요. 안정성 개선되면 내자산을 한눈에 볼 수 있어 관리하기 좋을것 같습니다.
2020-02-09,3,3,같은계열사면 오류에 어떻게 대처하라고 좀 자세하게 알려주면 안되나요? 지출내역에 국민카드만 계속오류가 나는데 이거 어떻게 해결해야 하나요?
2019-05-28,1,5,지출보고서에 자산0 입금0 출금0 으로 나와서 업데이트를하고 지출보고서 재발행받았는데도 똑같이 아무것도 안나와요 체크카드라 은행으로 자산설정해놨는데 국민카드로해야 나오나요?? 왜 안될까요? 이걸로 가계부로쓸라고했는데 ㅠ
2019-12-17,3,2,기존에는 월별 카테고리 내역을 볼수 있었는데 지금은 1개월 전달꺼만 볼수 있어서 불편합니다. 업데이트때 수정해주세용
2020-01-07,4,1,모든 자산을 한번에 볼 수 있고 미래 계획까지 세울 수 있어 아주 좋습니다. 현대카드는 언제쯤 조회될까요? 한달전에도 안된다는 후기가 있었네요
2019-12-30,1,32,"앱을 실행시키면 ""안정적인 구동을 위해 업데이트를 확인합니다."" 메세지 뜬후 진행이 안됩니다. 지우고 새로깔기를 반복해도 동일합니다."
2019-12-04,1,1,로그인과 업데이트 매우 느림. 현제 전체 자산관리에서 등록해둔 계좌들중 다른 계좌는 다 표시가 되는데 국민은행 계좌만 그저께인가 부터 표시가 안되는 버그가 있음
2020-02-22,2,13,KB 마이머니 기능은 참좋습니다 그런데 한가지 아주 치명적인 단점이 있습니다 자산이 최근3개월치만 집계가 되고 있다는 점이지요 우리는 평생 자산관리를 해야 되는데 단 3개월만 관리하는 것은 자산관리 기본이 되지 않은 사람이 앱을 기획하고 개발한듯 합니다 최소한 주간.월간단위로 30년은 나와야 하는데...
2019-10-29,1,5,어제 업데이트하고부터 전혀 않되네 테스트는 하고 올리는 건가요? 몇달전에도 이랬던것 같은데 강제로 업데이트 시킬거면 테스트. 좀 확실히 하고 올려요
2019-09-29,5,6,우체국 보험 추가해주세오 업데이트 시 대부분 메세지가 해당기관의 응답이 없습니다. 잠시 후 다시 시도해주세요 상기 위의 사항 개선해주세요
2019-12-11,3,9,현대카드 연동이 안됩니다. 공인인증서로하면오류뜨고 ID로했을때는 연결이됬다가 다시업데이트하면 동일한사용자가아니라고뜹니다
2019-06-18,1,4,국민 체크카드 쓰는중인데 어플이 모든 결제내역을 이체로 인식해요ㅠㅠㅠ 일일이 이체로 기록된걸 지출로 바꿔야해서 너무 불편해요 이거 어떻게 고쳐요?
2019-11-26,5,1,다 좋은데 이체로 분류되는것을 지출로 변경은 못하는건가요..? 체크카드만 사용해서 그런지 지출이 올라가지를 않네요 ㅜㅜ
2019-11-02,1,2,앱 사용도 못하고 30분 허비만 했네요 이따위 쓰레기어플 뭐더러 만드는건지 Tap내부오류만 무한반복 뜹니다 장난하는것도 아니고 성의없는게 보여요 리뷰 댓글 복붙할시간에 앱수정이나 부탁드려요
2019-01-17,5,10,"신혼이고 연초라 가계부를 어떻게 쓰나 머릿속이 복잡했었는데 스타뱅크거래하다가 보게되서 기대안하고 한번 해봤는데 너무편하네요 연결된 모든계좌와 타행카드, 증권까지 다 등록되고 숨기고 싶은부분을 숨길수도있고 한번에 모두볼수 있어서 따로 쓰고 합계내고 그럴필요가 없네요 진짜 스마트한 세상이네요 아직 초기단계라 업데이트속도가 약간 느리고 랙걸려서 꺼질때도 있지만 앞으로 계속 쓸 의향있습니다"
2019-12-03,3,11,자산업데이트도 안되고 지문인식 하면 알수없는 오류로 꺼져버립니다 등록된기기 재 등록 하면 꺼져버립니다 새버젼 업데이트 이후지문인식 혹은 검증 부분이 어떠한 오류가 있는것 같습니다
2019-06-26,5,16,지문되고 인증서되고 간편 로그인 되니까 정말 편리하게 사용하고 있어요.이체도 내 지문만 있으면 되니 참 편리하게 쓰고 있습니다.
2019-07-13,1,1,아니 다른 증권사는 하루종일 오류나고 앉아있네 이거해결할려다가 2시간 날리고 바로 삭제했네 화딱지나서 은행마저 갈아타고 싶을정도네
2020-10-17,1,1,앱이 점점 늘어난다. 줄여달란 고객 의견 무시잘함
2019-11-01,4,3,국민은행의 통장 하나가 해당기관 관련페이지 변경으로 거래에 실패했다고 계속뜨네요. 얼마전까지 잘 되던 계좌인데요 ㅠㅜ
2019-12-29,1,1,이걸 앱이라고 출시한 KB는 정말 한심합니다. 테스트를 고객을 대상으로 하고 있으십니다. 최소한 자체적으로 많은 테스트를 거쳐서 내놓고 새로운 시도를 해야지...ㅉㅉㅉ 뱅크샐러드나 토스랑 크게 비교됩니다.
2020-03-02,1,1,오류가 너무 잦음.. 리뷰 잘 안 남기는데 이건 너무 심함... 6개월 참다가 탈출합니다.
2019-12-30,5,23,가계부를 쓰는데 카드연동하니 자동으로 관리되서 매우 유용합니다. 등록도 공인인증서로 한번에 등록할 수 있어 너무 좋네요.
2019-01-23,4,6,가족카드 등록해서 수기로 입력하고 싶은데 현금으로만 등록되고 지출제외버튼 말고 삭제버튼과 날짜정렬 버튼도 만들어 주세요
2019-12-18,2,0,"자산등록이넘불편하고힘듬~인증,아이디,비번까지~보통인증서하나도다들어가는데~여긴요구하는게넘많음~계속오류떠서지쳐포기함~ㅎㅎ"
2019-12-12,3,1,아니..잘되던어플이 계속 현대카드를잡으면 오류라고뜨는데 이거어떻게해야하죠?
2019-10-13,4,1,앱은 잘쓰고있는데 지문등록이 안돼요 KB스타뱅크에서도 지문등록 쓰고있고 빠른로그인설정 푼고 지문등록 다시 해모 안되네요
2020-07-17,1,1,아니 다운이되서 로그인이안됨
2019-12-23,1,0,우측 맨위 메뉴 (두줄)누르면 앱이 바로 닫힘니다 삭제후 여러차례 재실행해도 같은 오류발생
2019-11-06,1,2,앱설치-공인인증서 로그인-타행 공인인증서 등록-국민은행 회원가입-국민은행 계좌개설 국민은행 안쓰는 입장에서 이 절차 전부 밟으려니 힘드네요ㅌㅌ
2020-07-11,5,0,사용하기 편하고 좋아요~ 정보얻기도 좋구요^^
2019-01-04,1,0,불편 복잡 기입후-현금을 카드로수정불가 이용자 편의 사항은 전혀 고려가 없네요 그냥 만들어 노았으니 써라는식 차라리 네이버 등을이용하는게 편할듯
2019-04-20,1,5,체크카드 이용자인데요. 같은 kb은행인데 스마트알림 사용중인데 가계부 목록으로 안올라가내요. 같이 되면 좋았으면 좋겠내요
2019-10-23,5,81,엄청 빠르고 편해서 쓰기 좋습니다. 계속 해서 어플이 좋아지는거 같아 쓰고있습니다. 화면이 깔끔하네요
2018-09-25,1,19,카카오나 케이뱅크 연동된다더니 수기로 쓰라네 ㅋㅋ 그럼 매번 입출금도 수기로 정정? 그럴거면 앱은 왜 쓰나 ㅋㅋㅋ
2019-10-28,5,18,"개편되면서 너무 이쁘고 쓰기 편해졌어요. 그런데 역외외화펀드(USD)의 경우, 자산가격이 제대로 나오지 않는 문제점이 있네요... ㅠ"
2018-12-10,1,5,이거 이렇게 로그인도 느리고 수입지출 일일히 지정하는게 느려터져서 어디 쓰겠어요??어떻게 쓰라고 만든건지원...
2019-04-11,1,43,자산등록에 카드 등록 업데이트하는데 무슨 몇시간이 걸리나 렉인지 버그인지 그것땜에 아무것도 할 수가 없어서 어플 지워버림
2019-09-15,4,16,잘쓰고 있는데 SK증권이랑 웰컴디지털저축은행도 통합할 수 있게 추가됐으면 좋겠어요!!! ㅠ
2020-06-17,1,1,많이 느리고 내용이 허접. 금융기관에서 만든 어플은 믿고 걸러야겠다. 아 시간 아까비
2020-01-29,1,0,아니 대체 지문인증은 어떻게 로그인하라는건가요 otp가 없다고 뜨는데 관리하거나 등록하는 메뉴도 없고
2020-03-06,3,1,KB은행이랑 연동된거 아니예요? 왜 계속 인증서가 없다고 뜹니까? 인증서로 로그인 하고 들어간건데 인증서가 없어서 진행이 안되다니요
2018-11-05,1,0,에러 투성이 . 지문로그인부터 안돼서 짜증. UX구림 쓰기어려움
2020-01-17,1,0,지문등록 마지막 과정인 인증서 암호 입력후 무조건 앱이 죽어버립니다.
2020-05-05,1,0,자산을 재 등록해도 업데이트 오류만 뜸. 몇시간 허비한게 넘 아까움.
2019-05-06,4,6,좋습니다 근데 로그인방식이 인증서 지문만되니 그건불편하네요 든든인증방식과 비번설정으로도 로그인되면 참좋지싶습니다
2020-01-17,1,1,시간 낭비만 했네요. 자산관리가 전혀 안되는 앱이예요. 국민은행은 이 앱으로 뭘 하고싶었던건가요? ㅡㅡ
2019-03-16,1,1,완전 되는거 하나도 없음 느리고 등록도 안되고 시간만 얼마나 잡아먹었는지 모르겠네요 앱 삭제함
2019-10-20,1,11,자꾸 자전거돌리는 화면만 나오고 어플이 실행이 안돼요 (업데이트했어요 ㅠㅠ )
2019-12-13,5,0,앱은 좋은거같은데 지출목록이 안뜨고 이체로만 떠서 사용금액 확인이 어려운데 어떻게 연동안되나요
2019-11-27,2,0,메뉴 넘어가는 게 느림 신한카드 자산 불러오기가 진행중에서 멈춰서 안 불러와짐
2019-04-06,2,1,한번씩 날잡고 이용하면 어떨지 몰라도 수시로 들어가면서 쓸 어플은 절대 아님 일단 정보 갱신이 너무 느림
2019-10-21,1,3,지출 항목에 예상지출이 없네요. 이전 어플이 더 나은듯요.
2019-09-02,1,1,지문인증 안되네요 다른 Kb어플은 이상없이 되는데 이어플은 지문인식시 지문인식 실패가 뜨네요 지문인식실행하자마자 종료됨
2019-12-03,1,0,지난달 어떻게 돈이 쓰였는지 카테고리가 나오지도않고 분류가 않되서 참 아쉽네요
2020-01-31,5,10,개편되고 속도도 빨라지고 지출진단 같은 기능도 훌륭하고... 알차네요!
2019-06-02,2,1,"갑자기 타은행 주택청약 예금, 정기예금 몇 개가 이 앱에서 자산조회가 안됩니다."
2020-05-07,1,26,관리자님 이거 사용은 해보시는건가요? 도대체 처음에 스타뱅킹 인증센터가서 인증서 추가하고 이용해달라면서 인증센터가면 인증서 추가란이 없는데 설명하나 제대로 된 글이없네요;;
2019-08-03,1,4,업데이트 확인한다고 하면서 수일째 사용도 못하고 있네요. 앱 삭제하고 다시 깔면 백업데이터는 남아 있나요???
2020-03-30,1,13,어떻게 인증서를 등록해야 하는지 방법이 안나옴.. 역시 국민은행은 앱 개발을 정말 못함 ㅠㅠ
2020-01-22,3,2,앱이 너무 불안해요. 버벅거리는건 둘째치고 튕기지나 않았으면 좋겠어요. 이러면 누가 자주 사용하겠어요!!!
2019-10-20,4,3,부동산자산등록에 거주주택외 전세있는 주택도 자산설정할수있음좋겠어요
2018-12-12,4,6,처음에 자산 등록 사항이 좀 어렵긴하지만 일단 등록해두면 자산관리에 유용한것 같아요
2019-06-10,3,1,시티카드와 전북 카드가 몇일째 오류로 조회가 안됩니다
2019-04-22,5,2,한눈에 보기좋게 잘되어있어요 카카오뱅크도 추가되면 더 편리할꺼같아요
2020-05-22,5,56,KB증권 연금저축펀드 계좌도 자산항목에 포함시키는 기능이 추가되었으면 해요.
2019-12-20,1,0,무슨 자꾸 사용자명이 틀리대 당행 카드앱에서는 잘만 로그인되는구만
2018-12-13,3,3,새마을금고가 갑자기 연동 안되네요.. 저만 그러는거도 아닌거 같고.. 확인 부탁드립니다
2020-02-07,1,0,통합연금포털은 저만 연동 안되는건가요? 계속 서비스를 못받아온다고 나오네요 그리고 카카오뱅크에서 관리하는 자산도 연동안되서 반쪽짜리네요 (오류수정했다해서 다시해봤더니 그대로네요 무슨 수정이 된건지요?)
2020-05-29,1,33,로그인 하자마자 계속 꺼지네요ㅠㅠ 아 진짜 몇번째인지
2019-06-30,2,1,카드사와 연결이 늦어 업뎃이 느린게 흠
2020-01-15,2,0,화면이 열리지않네요... 다시깔았는데 똑같네요.
2019-10-25,1,1,참 좋은 앱인데 너무 로딩이 길어요 ㅠ ㅠ 입력하고 나면 2분 대기네요 ㅠ
2020-01-20,1,1,KB증권 자산정보를 못 가져오네요. 공인인증서도 안 되고 아이디 비번으로도 못 가져옵니다. 계속 에러나요.
2019-12-30,5,0,자산관리 어플중 가장 쉽고 유용하네요ㅎㅎ굳굳
2020-07-19,1,1,인증번호생성을 누르면 설명창으로 이동합니다 인증번호를 어다서 생성 하나요?
2020-01-04,3,0,이용기기 등록하는데 자꾸 풀려요. 이게 벌써 세번짜에요...
2019-10-30,1,3,업데이트하고 접속이 안되고 바로 튕김.
2020-01-02,1,1,우선 카드사 등록이 안되요 같은 은행카드도 등록이 안되네요 앱설치했다가 답답해서 삭제했네요
2019-12-05,1,0,이거 깔고 저거 깔고 ㅋㅋ 그냥 다 깔아 달라고 공지라도 쓰는게.. 이거 저거 이거 저거 아오 그냥
2020-05-24,1,26,"이게 뭐예요 KB앱 맞나요? 계좌, 금액 다 엉터리 에요 사기앱 아닌가요 인증서 로그인 절대하지 마세요 사귀인거 같아요"
2019-10-21,5,6,업글 되었네요. 심플하고 눈이 확 들어와요. 너무 너무 좋아요 잘 써볼께요
2019-04-16,1,2,개인카드등록이 되지않아요 사업자통장 및 사업자 카드등록이 되지않아요
2020-02-07,5,0,손쉽고 편하게 내자산상태를 파악하고 관리할수 있어서 좋아요^^
2019-05-05,4,32,카카오뱅크도추가해주시면 진짜 완벽한앱이될것같습니다!!!!! 감사합니다ㅎㅎ
2019-10-21,5,2,한눈에 금융정보를 알아볼수 있어서 사용이 완전편합니다
2018-10-25,4,4,좋은데 상호저축은행도 등록해주시면 안되나요?
2019-10-29,1,2,편리하게 사용하고 있었는데 업데이트 하라고해서 업데이트를 했더니 앱이 열리지 않네요 어떻게 해야하나요?
2018-12-19,1,4,카드등록이 안되서 사용불가한 앱이네요
2020-05-27,1,0,걸핏하면 에러나서 실행안되고 아주 불편한 앱입니다
2019-05-29,3,12,증권계좌의 예수금이 중복으로 잡히네요. 예수금+주식 자산 하나와 중복된 예수금 자산 하나 이렇게 나와서 예수금 자산이 중복됩니다. 예를들면 주식계좌에 500원이 들어있는데 그중 100원을 주식 구매하고 400원을 cma계좌에 보관해둔 상태라면 총 자산에는 500원이 찍혀야 하지만 해당 어플은 예수금+주식(400원+100원)과 중복된 예수금(400원) 형태로 중복 명시되어 총 증권계좌 자산이 900원으로 찍히네요. 수정 가능하신지요?
2020-11-12,2,0,다운로드가 안되는데요?리브똑똑은 조금전에 깔았는데 이건 다운설치가 안되요
2019-08-24,1,1,내가 본 가계부중 최고의 쓰레기. 체크카드 등록으로 입출금도 안되는게 무슨 가계부라고 만들어서는
2019-10-28,1,1,업데이트하고는 다시 시작하다가 그냥 죽어버리네요?? 확인 좀 해주세요
2020-09-08,1,0,키움증권연동이 안됩니다.
2019-10-23,5,2,아주 유용한거 같아요~ 한눈에 들어오고 맘에 쏙 드네요^^
2018-12-12,5,31,"한눈에 나의 자산을 알 수 있고, 나의 금융지출 현황등을 파악할 수 있어 생활에 유용한 앱으로 적극 추천합니다"
2018-12-05,2,2,자산이 잘 사라짐 업데이트도 잘안됨
2019-12-02,1,0,KB스타뱅킹은 카카오뱅크를 인식하는데 이건 인식을 못하네요.. 카카오뱅크도 인식못하는 앱은 다른앱과의 차별성이 없네요..
2019-10-22,4,2,군인공제회도 연계되었으면 좋겠습니다.
2018-10-30,2,0,단순/직관적이지 않아 불편하다.
2019-11-27,1,0,느리고 복잡하고 어려움
2020-07-07,5,0,"나의 자산을 한눈에 파악할 수 있고, 수입과 지출내역이 잘 구분되서내일을 준비할 수 있는 상품과 나의 투자성향까지 분석해줘요~처음 이 앱을 사용했을땐ㅋㅋㅋㅋ 뭘 하라는거지? 라고 생각했어요. 그런데 나의 자산들을 등록하고 오픈뱅킹을 설정하고나니 나의 자산 상황을 한눈에 파악할 수 있다는 점에서 좋았어요~ 나의 부동산,자동차, 오픈뱅킹 등을 등록해야하는 귀찮음은 있지만 등록하고나니 얼마나 자산을 관리 안하고 있었는지 눈에 보이더라구요.ㅠ 지금이라도 이런 앱이 있어서 다행입니다. 주거래은행이 KB이신 분들껜 추천이요~"
2020-02-12,5,0,빠르고 편리하게보이네요
2019-12-08,1,0,업데이트 이후 사용이 아주 불편함
2019-10-29,1,1,업데이트 후 로그인 화면에서 튕깁니다. (LG V20)
2019-11-18,5,0,매우 편리하고 유익합니다
2019-10-30,5,3,넘 좋아요 편하게 이용할수있어요 .
2020-06-18,1,1,로그인 오류 엉망
2020-10-04,1,0,쓸 가치가 없는 앱. 다시는 설치하지 말자
2019-10-25,5,2,오 업데이트 했더니 지난번보다 훨씬 깔끔하고 좋아졌네요~~ 이제 뱅샐보다 편한듯!!
2019-10-26,1,1,계속 안열려요. 되지도 않네.
2020-05-22,5,4,이전버전 보다는 깔끔하고 좋아진듯.
2019-11-05,5,3,귀찮게 하는 광고없는 금융비서
2020-04-23,4,0,디자인은 예쁜데 카카오뱅크 연동이 안되나요? 국민은행앱은 되는데
2019-06-12,5,0,해결되었습니다! 감사합니다.
2020-03-06,5,1,로그인이편해졌네요. 좋아진듯..
2019-02-28,3,1,카카오뱅크와 케이뱅크는 왜 등록이 안되나요?
2020-06-02,1,2,갚은대출도잡히는등 도무지맞지가않응
2019-10-22,4,1,전체적인 돈관리는 편함 그러나 2% 좀 부족한 느낌
2019-11-01,1,1,잔오류가 너무 많아요
2020-10-12,1,0,"뭐냐이게 도대체 전체계좌 보다가도 어떤날은 금액이 증발해있고 어떤날은 계좌 전체 조회되있고.., 이걸 어떻게 믿고 쓰냐"
2020-05-22,3,0,실물 금과은에대한 자산반영 기능이 없네요.
2018-10-24,4,4,우체국 보험은 왜 연계가 안되어 있나요?!!! 꼭연계해주세요~~~!!!
2019-09-15,3,1,카카오뱅크/NH투자증권 나무도 조회가능하게 추가 좀 해주세요...너무 무신경하네요 ㅠ
2020-07-07,5,0,말이 필요없는 최고의 앱
2019-11-28,1,0,"흩어진 자산을 한곳으로 관리하며 속도가 빠르게 개선됬으나, 기존 지출흐름관리는 전산프로그램에 감탄사를 부르며 가계부의 기능을 잘 사용해왔는데 삭제 되어서 무지 실망입니다. 지출카테고리는 5개만 관리하고, 매월 지출사항은 조회조차되지않고..소소한고객은....인터넷뱅킹과 함께 주거래은행을 옮겨야하는지 생각드네요."
2019-10-23,5,0,뱅크샐러드보다 깔끔하고 좋네요
2019-03-01,1,0,오류가 너무 잦아요
2018-12-10,4,2,카카오뱅크도 등록할수있게해주세요
2020-08-05,5,0,여기저기 흩어진 자산과 부채를 한눈에 보여줘서 좋아요.
2020-07-11,5,0,국민은행과 연동하여 자산관리에 많은 도움받고있어요~♡
2019-12-15,5,0,편리해서 좋아용
2019-12-17,1,0,로그인도 안됨 최악임
2019-02-04,5,4,정말로 내 재산을 한눈에 알 수 있고 가계부가 자동으로 써 지니 편리하네요
2019-10-24,5,1,좋은데 에러가 아쉽네요
2020-07-23,4,0,리브메이트에도 유사기능이 들어갔던데 그럼이거 없어지나요?
2019-02-25,1,0,깔았다가 바로 지웠슴 별1개도 아까움
2020-07-04,5,0,자산이 내역을 볼수있어서 좋아요~^^
2018-11-07,2,0,사용하기 쉽게했읍합니다
2020-11-12,5,0,정말 유용하네요!
2020-02-29,4,0,"지금 미래에셋대우 증권회사에서 etf 투자를 하고있습니다. 제가 기능을 몰라서 그런지, 아직 기술의 한계 때문에 안되는 건지 모르겠지만, 해외 etf 시세를 실시간으로 반영하여 자산에 포함되었으면 좋겠습니다.. 그것도 하나에 자산에 포함되는 개념인데 불편합니다. 그걸 제외하고는 저의 자산을 한 번에 파악하고, 관리하고, 목표금액을 설정할 수 있는 부분에 대해서는 다른 은행, 기타 업체에서 계발한 어플보다 훨씬 편하고 좋습니다."
2020-01-06,1,0,지출 카테고리설정 하나하나 설정해야되는거실화??일괄목록설정안되요??
2020-07-12,1,0,왜 같은 계열사끼리도 정보를 못가져와서 에러라고 나올까..
2018-11-15,5,3,아주좋음 편리함
2020-09-02,5,0,내인생에 최고야 👍
2020-07-07,5,0,자산관리 짱
2019-10-23,5,2,한눈에 모든 금융기관 자산을 볼 수 있어서 편리하네요 ㅋ
2018-12-14,3,1,카카오뱅크 현대카드는등록이안되는건가요?
2019-10-25,5,3,내 자산 진단기능에 놀랐다. 30대 평균이 대부분 자산이 예적금에 몰린 것도 신기하고...내가 부족한 부분을 참고 할 수 있어 좋았다.
2020-05-29,1,0,맙소사.. 카테고리편집 하는데 ㅕ나 ㅛ같은 글씨를 인식을 못하네요...
2019-07-24,1,5,모든면에서 말이 필요없는 최악에 쓰레기 어플! 최악이란 말도 아까움!!
2019-12-30,1,0,"토* 보다 사용하기 복잡, 나이대 별 평균 자산 기준으로 내 자산이 높니 낮니 비교 하는거 기분나쁨 ."
2019-05-21,1,2,왜업데이트만하고 한번을 사용못하나요? 어쩌란거임
2019-11-20,3,2,카카오뱅크는 3년 지나도 안되네요 ㅡㅡㅋ 젊은 사람들 쓸까요?
2020-05-17,3,0,내집마련에 최근조회한 아파트 조회기록 삭제할수있게 업데이트해주세요
2019-11-05,1,1,아주 불편합니다
2019-10-21,5,3,최고의 자산관리앱이에요
2020-11-11,5,0,유용한 앱입니당
2020-10-20,1,0,앱이 20개가넘음
2019-11-04,5,0,재 전 자산현황을 알 수 있어 너무 좋아요^^
2019-10-30,1,0,업데이트후 열리지 안하요~
2020-05-22,5,0,메인에 순자산이 나와서 좋아요
2019-12-30,3,0,현금영수증 어디서 확인하는건가요?
2019-10-21,1,0,오늘 업데이트 후 실행안되네요. ???
2020-05-25,5,0,좋아요 너무너무 킹왕짱
2019-01-11,4,1,주택금융공사 대출도 포함시켜주세요
2019-12-17,5,0,좋아요~~~^^ 개발자님 감사합니다
2019-05-28,2,0,금융기관에 토스도 추가해주세요
2019-10-21,4,0,삭제하고 다시 설치하니 됩니다.
2019-10-26,5,0,와~~ 전보다 좋아졌네요~
2019-01-18,1,0,가계부로는 최악인 어플.
2019-10-30,1,2,왜 안켜지고 계속 튕기죠?
2020-05-28,3,0,펭수 자산탭 스티커 왜 안나와여?
2019-11-22,4,0,국민은행 잘해요 살아있습니다
2019-06-05,5,0,캐피탈도 등록되게해주세요
2020-08-07,5,0,아주좋아요
2018-11-19,2,0,에러가 너무 나서 지쳤음
2019-02-21,3,1,스마트인증 인앱 언제되나요
2019-11-23,5,0,매우 우수 합니다
2019-10-21,5,3,개편되니더좋네요
2019-09-17,1,0,홍채인식 불편함 ㅠ
2019-11-06,5,0,무척 기대됩니다.
2019-10-28,1,0,계속 업뎁 이 후 팅깁니다.
2019-12-23,5,0,엄청 좋아요
2019-09-12,5,0,좋은 하루되세요
2019-02-07,5,0,아주 좋아요.
2019-10-21,5,0,안 열려요
2019-11-01,5,0,좋은정보감사합니다
2018-12-03,1,0,캘린더 안됨
2020-11-01,1,0,모바일인증서로 로그인하면 나중에 묻지도 않고 스타뱅킹 띄우고 넘어가네요. 상황에 따라 인증방법 선택하게 해주시고. 스타뱅킹 쓰던중에 마이머니 잠시 쓰려고 할때는 너무 불편.
2020-11-18,1,0,"아직 오픈하긴 어려운 단계에요. 설치하고 연동했는데 뭐 볼수있는것도 없고, 정보 빼가는 용도인가 의심스러움."
2020-09-19,4,1,안정화가 필요한거 같네요. 자주 오류로 튕겨서 불편하네요.
2020-07-13,1,0,kb어플만들지말고관리할생각을해라
2020-09-13,5,0,AMEN 🙏 TO MY FRIENDS
2020-10-19,5,0,좋아요
2020-06-15,5,0,좋아요
2020-06-06,5,0,괜찬아요
2020-05-27,5,0,좋아요
2020-05-25,5,0,굿 입니다
2020-05-23,5,0,편하고 좋습니다
2020-03-05,5,0,좋아요
2020-02-17,5,0,좋아요
2019-11-18,1,0,사용불편
2019-11-12,5,1,좋아요!
2019-11-03,5,0,좋아요
2019-10-21,1,0,처음에 okay
2019-10-27,1,0,실행않됨
2019-10-27,5,0,투자의견
2019-10-23,5,0,응원
2019-10-22,5,1,굿
2019-11-20,5,0,굿
2020-06-28,1,0,있는가
2019-07-19,1,0,그냥
2018-07-16,4,6,"업데이트 이후에 국민카드 계속 자산 업데이트 오류가 뜹니다. 국민카드 어플에 접속하여 id pw 확인 후에 자산삭제후 재등록 해봐도 
오류가 뜹니다. 국민카드를 주로 쓰는데 업데이트가 안되니 불편합니다.. 뭐가 문제인가요 고쳐주세요 그리고 어디서 사용된 항목은 앞으로 
식비로 포함 하는 것도 안될때가 있는것 같습니다"
2018-07-05,4,9,"가계통합 시스템은 모바일로 접근하여 한눈에 자산을 파악할 수 있어 편리하고 좋습니다. 다만 공인인증서를 통한 업데이트로 인한 무거움이 
있으며 업데이트 이후 화면 전환이 멈추는 현상이 발생하여 앱 종료후 재 로긴해야하는 번거로움은 보완되어야 하면 좋겠네요 추가로 중고차 
시세 db는 업뎃이 필요합니다."
2018-08-22,1,2,"참을 인도 3번이면 살인을 면한다고 하는데, 로그인 튕기는 거 8번 참으면 도대체 사람이 어떻게 해야할까요..^^; 다른 분 댓글 달아주신 거엔 수정되었다고 하는데 오랜만에 깔았는데 전혀 업데이트 했다는 느낌이 들지않네요. 그리고 KB진짜.. 지문 인증 어플 하나라도 더 깔게 하지말고 신한은행처럼 하나로 합쳤으면 좋겠어요."
2018-08-11,3,1,아시아나항공 마일리지 연동이 정확하지 않습니다. 총 22만 마일리지가 넘게 있는데 13만 마일리지만 있는걸로 표시됩니다.
2018-08-07,1,1,"에러가 왜이리 많고 느리고 게다가 수입 지출 현황 들어가면 카드로 결제한것들 밥먹은것들 이런거 왜 다 이체로 나오죠? ;; 지출 아닌가요...;;;;;; 게다가 삼성페이나 이런건 보면 많이 쓰이는 업종은 자동으로 카테고리까지 해주는데... 이건 업종별로 카테고리를 하나씩 지정해줘야 하나요 ;; 이걸 언제 다하고 있는지.... 어느부분에 내가 지출을 많이 하고 이런거 한눈에 볼 수 있고 이체, 카드결제 구분도 되었으면 하네요. 기본값이 이체인지 왜 다 이체로 되어있는지 모르겠어요"
2018-07-12,1,0,업데이트후 지출이 이체로잡힙니다. 전으로 돌리시죠. 이체만 필터링하거나 모든것이 이체잡힙니다.
2018-07-08,2,2,최근 업데이트 되고 나서 체크카드 결제내역이 지출에 안들어와요 ㅠ 고쳐주세요
2018-07-05,2,1,솔직히 속도나 편의성은 별로인데 자산을 한눈에 볼수있어서 좋네요 한마디로 좀더 개선해주세요 열심히 사용할게요ㅎㅎㅎ
2018-07-07,1,1,7월4일 업데이트 이후로 입출금 지출내역이 안 불러와져요 그리고 앱이 너무 무거운듯
2018-07-20,2,0,업뎃이후 지출관리가 더 어려운듯 이체없애면 이체로 지출한거 안잡히고 이체체크하면 입금내역까지 다잡히고 영불편한데여?
2018-07-10,2,1,"회원가입을 어디서 하는거죠? 스타뱅킹 리브 리브메이트 다 가입했는데 국민은행 공인인증서가 없으면 회원가입이 안되는건가요?? 앱 접속해도 
공인인증서랑 지문인증 밖에 안떠서 한시간동안 찾다보니 너무 스트레스받네요.."
2018-07-07,2,1,이번 디자인 업데이트 되면서 국민은행 체크카드 내역이 왜 안불러와지는건지......... 디자인도 별로......전이 나아요...
2018-08-05,4,0,"가계부 관련 문의 드립니다. 앱을 설치하기 전에 이미 kb스타뱅킹을 이용하고 있어서 공인인증서는 가지고 있었는데요. 이 앱을 설치하고 
나서 보니 현 자산 탭은 문제없이 출력되는데 가계부 탭에 아무 기록도 나타나지 않네요. 가계부에는 이 앱을 설치하고 난 후의 기록만 
저장되는 건가요?"
2018-08-22,4,0,통합해서 재산 볼수있는건 좋은데 언제부턴가 체크카드로 결제한 금액이 지출이 아니라 이체로 되서 한달 지출액이 0원으로 나오네요
2018-09-09,2,0,지출 카테고리에 추가 말고 삭제 없나요 사용자가 자유롭게 설정할수있게 바뀌면 좋겠네요 그리고 어플 쓰다가 자꾸 응답 없음 떠서 불편하고 매번 들어갈때마다 공인인증서 로그인 불편하네요 지문 말고 4자리나 6자리 비번 로그인도 있으면 좋겠네요 그리고 지출 카테고리 변경하면 앞으로의 지출만 변경되지말고 그전꺼도 변경되면 좋겠네요 일일이 변경하려니까 힘드네요
2018-08-22,1,0,수입만 뜨고 지출은 안뜸..
2018-08-09,4,0,좋은데 카카오뱅크도 연동되게 해주세요
2018-06-13,3,4,"정말 편리한 앱이긴 합니다만 매우 버벅거립니다. 자동종료는 다반사고 너무 버벅거려서 다시ㅡ앱을 설치하니까 이용기기가 다르다고 해서 
싸용도 못하고 있네요. 금융관련앱인데 신뢰감이 들지는 않습니다."
2018-06-20,5,2,"다 좋아요. 근데 지출내역 한달전체로 초기화 가능하게 해주세요. 처음시작인데 이번달제외하고 전달부터 문제가많아서 삭제하려니 일일이 
하나씩 해야하네요"
2018-06-11,4,5,다 좋은데 조금 버벅거리는 느낌이 있어요..그리고 케이뱅크랑 케이뱅크 체크카드도 있었으면 좋겠습니다!!
2018-07-04,4,0,1.자산 갱신 시간이 깁니다. 2.카카오뱅크도 연동해주세요
2018-06-19,3,1,인증서 가져오기로 PC에서 가져왔는데 안보이는데요.
2018-06-08,5,6,굿
2018-05-26,4,8,"지출항목 카테고리 일괄변경 기능 만들어주세요 목록에서 선택해서 변경/삭제 가능하게요. 하나씩 바꾸려니 너무 느리고 한개 바꾸고나서 다시 
목록 최상단으로 올라가서 너무 불편함"
2018-05-23,3,7,"기존 자산관리 앱 중에 최고입니다 다만 현물자산 입력에서 임대보증금, 개인간 채무 등 부채도 기재할 수 있도록 해주세요 그런 다음 
목표설정에서 인터넷 계좌만 연결하는게 아니라 현물자산에서 수기로 입력한 내용까지 연결되게 해주시면 자산관리 좀더 유연하고 정확하게 
가능할것입니다.. 상담을 동해 말씀을 드렸는데 진행이 되지않아 리뷰 드립니다 꼭 검토받으시어 잔행 조치바랍니다"
2018-05-04,4,7,"다좋은데 한가지가 최악인게 앱 자체가 너무 무거워요...이전리뷰 읽어보니 저만그런게 아니네요 예를들어 카드목록 볼때도 아래로 내리던중 
앱이너무 무거우니 다시 역방향으로 위로 올라갈때가 자주있네요 폰 기종은 노트7입니다"
2018-05-16,4,3,"케이뱅크도 연결해주세요 ! 그리고 내 계좌에서 다른 제 계좌로 이체해도 지출로 빠지고 다른 체크카드 사용시 똑같은 사용처라 할지라도 
매번 따로 설정하는게 너무 불편합니다 ! 매번 계좌조회를 해서 앱이 느린거 같은데 앱이용자가 sns나 메일로 사용내역이 들어오게 해서 
그걸 체크 하는게 앱 구동속도를 월등히 올릴 수 있지 않을까요!"
2018-05-12,1,2,"로그인하려하면 kb스타뱅킹 공인인증으로 이동시키고 이동해서 공인인증서로 접속해도 마이머니에서는 인증서가 없다고만 나옵니다 웹에서는 
잘되던데 앱은 로그인조차 할 수 업네요"
2018-05-26,4,2,카카오뱅크랑 키움증권도 연결해주셈
2018-03-22,2,18,기기등록후에도 1~2주에 한번씩 계속 이용기기등록을 하라고 합니다.언제까지 이용기기등록을 해줘야하나요? 이런거할바에 예전 구계좌통합이나 다시 부활시켜주세요
2018-02-28,1,30,"(2018-02-28 수정)최악임 답변을 통해서 지문인증 로그인 했는데, 이제는 KB스타뱅킹, KB스타알림 등에서 F1400에러가 뜨면서 지문인증 로그인이 안됨, 마이머니 서비스 바로 해지함"
2018-03-26,4,2,같은 은행의 부채는 등록이 불가해서 관리가 애매하군요^^;
2018-03-08,1,4,이걸 사용하는 이유를 모르겠네요..엄청 불편한대.. 5점을 준 사람들은 누굴까요..?
2018-02-26,1,4,업데이트만 10분 이상걸려서 포기 했습니다
2018-03-20,4,2,카뱅이나 케뱅도 추가되면 좋겠어요.
2018-04-10,2,0,자산관리시 자산설정임의로할수있는데 무채관리에서 부채설정할수 있도록해주세염
2018-03-04,3,0,목표 위젯설정 가능 하도록해주세요
2018-01-22,1,19,"1월 22일 현재 CZC74113 오류 해결 안되고 있습니다. 국민카드만 연동이 안되네요. 업데이트, 앱 삭제후 재설치,  자산 재등록 다해봤지만 소용없습니다."
2017-12-27,3,24,위아래로 화면 이동시 한번 움직였다가 역방향으로 자꾸 움직입니다. 한번 위로 올렸으면 한번에 위로 쭈우우욱 올라가야 되는데 그러지 못하고 반대로 아래로 내려가네요. 다른 앱에서는 그러지 않아서 핸드폰이 이상있진 않은 것 같아요. 수정 좀 부탁드려요
2018-02-20,3,1,정말 좋은 앱이지만 구동속도가 굉장히 더디네요. 게다가 펀드온라인코리아(통칭 펀드슈퍼마켓)는(은) 언제쯤 지원이 될 수 있을까요??
2018-02-19,4,1,음..업비트랑도 연동되면좋겠는데 무리겠죠? ㅎㅎ 암튼 재밌는어플이네요 좀 느린게흠이구여 아 그리고 리브에 모바일 외환지갑이랑 연동좀 해주세여 같은 국민인데 왜 연동이안대염
2018-01-13,3,2,유은수님 리뷰처럼 역방향으로 움직여서 너무 불편하네요 특정 메뉴만 그러는 게 아니고 이 어플 내 모든 메뉴가 그래요 기종은 갤s7입니다
2017-12-29,4,13,"대신증권 계좌가 갑자기 연동이 안되네요, 계속 실패 뜨는데, 수정 부탁드립니다."
2018-01-31,1,1,농협생명 업데이트가 안되요.  아무리 공인인증서확인해보고 다시 재등록해봐도 오류가나서 안되요
2017-12-31,4,5,카카오뱅크 추가할수 있도록 개선해주세요
2018-01-27,1,0,카카오뱅크 케이뱅크 등록안됨 그럼 먼의미가잇음
2018-02-14,4,0,카카오뱅크도 연동되게해주세요
2018-02-11,3,0,사용자의 관심을 끌 수 있는 이벤트 등을 추가하면 좋을 듯 합니다 ^^
2018-01-06,4,1,펀드슈퍼마켓 추가해주세요
2017-12-13,4,11,카카오뱅크 엳동이 시급합니다...😥
2017-11-09,5,14,수고하십니다 잘쓰고있는데 몇가지 개선을 요청드립니다. 1. 지출내역 항목별 보기에서  카테고리 변경을하려면  한번변경하면 앞으로도 그 지출은 앞으로  이 카테고리로 계속 자동변경된다고뜨는데.. 이번한번만 이 카테고리로 설정하기 이런버튼도 있었으면해요 2. nh투자증권 펀드는 계속 업데이트오류로 안되던데 이부분도 되게부탁드립니다
2017-10-07,5,12,1. HF주택금융공사 +키움증권 연계되면 좋겠습니다 2. 신한은행 퇴직연금은 0원으로 나옵니다 3.kb증권 10/7조회시 CZC72F31 해당기관의 관련페이지 변경으로 거래 실패하였습니다 오류납니다
2017-09-27,3,12,지출쪽은 자동연계가 되어서 좋은데 세입쪽은 설정하는게 없는것 같네요. 그리고 자산등록에서 키움증권도 좀 해주세요 곧 된다는 말이 벌써 1년이 다되어갑니다.
2017-09-01,3,9,한눈에 볼수있어서 너무편리하고 좋은데 카카오뱅크는 등록을 할 수가없네요..ㅠㅠ카카오뱅크도 됬으면 좋겠어요
2017-10-21,4,1,NH투자증권의 모바일증권나무 는 연동이 안되네요.  되게 해주세요
2017-11-15,3,0,사용중 로딩시간이 길어지고 자꾸 로그아웃되네요 스타뱅크 가계부 유용하게 쓰고 있었는데 서비스종료로 마이머니 사용하게되었는데 조금씩 불편한것들이 생기네요 마이머니에도 가계부가 수입지출내역 작성가능하고 자유로운 편집도 가능했으면 좋겠네요
2017-12-04,2,0,국민은행 공인인증서로 등록하였는데 체크카드는 되는데 신용카드가 게속 오류나는데 해결방법 답변남겨주시면 고맙겠어요
2017-11-17,3,0,등록된 보유자산내에서 계좌이체로 인한 자산이동은 지출내역에서 제외됐으면 합니다.
2017-09-28,5,0,하나카드가 요즘 계속 오류가 생기네요.. 확인부탁드려요
2017-11-21,1,0,수입 내역이 없는 가계부가 말이됩니까 진짜 좀 지대로 하세요 장난합니까?
2017-11-22,2,0,없는증권사도 많고 인증하는데 시간이 오래걸리고 오류가잦습니다 기종 갤s8입니다
2017-11-14,3,0,DB증권 연계되었다고는 나오는데 계속 자산이 반영되지도 않고 업데이트 눌러도 안되네요..
2017-09-02,3,0,며칠전부터 신한카드 조회가안되네요
2017-10-01,4,0,KB저축은행은 추가될 계획이 없나요?
2017-09-10,3,0,"카카오뱅크, 케이뱅크 추가해주세요"
2017-05-06,4,9,좋은 앱이네요. 다만 개선할 점은 많은듯합니다. 목표관리에서 증권계좌 추가시 평가총액이 예수금을 제외한 금액으로 산정됩니다. 오류 수정 부탁드립니다. 그리고 자산/부채에 대해 수동으로 입력하는 항목이 있으면 좋을듯 합니다.
2017-05-26,4,5,그래프 등 ui 가 좋습니다. 잘 쓰고 있긴한데 최근 목표 추가하려고 보니 계좌 지정 후 저장을 눌러도 바뀌는게 없고 결국 새 목표가 세팅이 안되네요. 오류 수정 부탁드립니다
2017-08-12,3,1,현재 사용 중입이다. 그런데 다른 가계부 어플에 비해 카테고리 부류에 자동으로 잘 인식을 못 합니다. 일일히 카테고리를 꼭 나누게 합니다. 그리도 좀 느립니다. 종종 끊깁니다. 다름 어플에 비해 많이 느리다고 느낍니다.
2017-04-08,4,6,다좋은데 나무증권과의 계좌연계 부탁드립니다. 자꾸등록을 하려하면 로그인방식이 다르다면 안되네요 이상하게 다 확인해보았는데도 안됩니다 빠른해결부탁드릴께요
2017-06-04,4,1,좋네요~ 한번에 통합하여 볼 수 있는게 제일 마음에 듭니다. 지문로그인은 안하나요? 다른 kb어플들은 가능한데 이거는 지문 로그아이 안되네요...
2017-06-06,5,0,좋은데 상담 메뉴에 1:1 상담이 있었으면 좋겠어요. 채팅 상담 어려워요 지출 설정에서 카테고리를 분류할 때 키워드로 나눌 수 있는 기능이 있었으면 좋겠어요. 예를 들어 '씨유=편의점' 이런 식으로 카테고리 분류가 되었으면 합니다
2017-07-28,5,0,정말좋은앱입니다.그러나 몇가지 개선했으면 좋을점들이 있네요. 로그인에 지문인식을 추가해주셨으면 좋겠네요. 요즘 금융어플에서 지문인식을 많이 사용하고 있고 무엇보다 공인인증서 보다 편리하잖아요??ㅎㅎ 그리고 카카오뱅크와 케이뱅크도 추가해주셨으면 좋겠습니다. 항상 어플잘사용하고있습니다.
2017-04-12,3,4,"잠깐 써봤습니다, 일반 가계부와 달리 현금 인출도 지출로 포함되있어 깜박할수 있는지출을 파악할수 있는거 같구요 문제는 앱이 좀 느려요! 리브메이트도 같이쓰는데 리브메이트의 소비리포트의 내역, 카테고리 관리가 더 상세한거 같습니다. 이건 대부분 기타로 잡혀요 자산을 한눈에 보기는 편하지만 리브메이트의 소비리포트를 흡수해서 지출현황을 보완하면 더 좋을거 같아요"
2017-06-17,3,0,예전보다 안정성이 나아진것 같습니다. 다만 kb증권은 연결이 안되네요. 같은 계열산데^^ 연결부탁드립니다.
2017-07-17,4,1,잘 사용하고 있습니다. 한가지 문의 드릴점은 처음엔 대출금액이 나왔는데 업데이트를 하고나니 신용카드 부채는 남아있는데 은행대출금액이 없어졌네요 왜 그런가요 하나은행 대출건 입니다 그리고 펀드슈퍼마켓에서 펀드거래를 하는데 목록에 없네요 추가되었으면 합니다
2017-04-17,4,3,BC체크카드가 미결재 금액으로 부채항목에 합산되어 나옵니다. 업데이트전에는 정상으로 구분되어 나왔던 듯 합니다.
2017-05-10,3,0,먼저 속도가 느리고(가장 걸리적거림) 사회초년생이라 뭐 급하게 해야할 것들이 아니라서 느려도 그냥 저냥 쓰고있는데 얼마전부터 오류가 생기기 시작함. 지출에서 상세내역으로 넘어가려고 터치하면 오류창이 뜸. 내용인즉슨 executeQueryforobjet returned too many results 대충 이렇네요. 데이터캐시 다 지워봐도 소용없는 걸보니 제가 해결할 순없는듯... 해결되길 바랍니다.
2017-07-17,5,0,"브로콜리 어플리케이션 대비해서 차별점이 없는 것 같네요. 그래도 금융기관이 만들어서 개인정보 유출 걱정은 덜해서 좋아요. 1. 연계기관에 ""키움증권"" 이 없어서 아쉽네요. 2. ""미래에셋대우""의 해외주식계좌는 예수금만 넘어오고, 주식가액이 안끌려오네요. 3. 증권사 CMA 계좌 등 자산 분류가 다 기타로 되서 불편하네요. 4. 계좌 별명을 입력해도 전체자산 조회에 별명으로 나오지 않고, ""계좌""로만 나와서 별명 입력의 실효성이 없어보입니다."
2017-05-13,3,0,키움증권도 연계가능하게 만들어주시면 안되나요? 어플 속도 느린것과 증권사 갯수 부족한점 말고는 만족합니다
2017-06-30,5,0,자산등록 국민카드가 안됩니다. 머이런..
2017-06-19,5,0,"너무 편리하게 잘 이용하고 있습니다. 감사합니다. 단, 유안타, 키움, 유진투자, 현대해상, 미래에셋생명의 자산 등록시 에러 발생하니 빠른 조처 바랍니다."
2017-06-19,4,0,다 좋은데 kb증권은 왜 추가할수없나요? ㅠㅠ 같은 kb인데 빠른 추가 부탁드립니더
2017-05-04,4,1,메리츠증권 등록이 안되요 오류가생깁니다 다른건다되는데
2017-05-03,1,0,제2금융권..상호저축은행 좀 추가해주세요ㅠㅠ 거기에 돈옮기면 다 지출로 처리되어서 정상적인 이용이 불가하네요..
2017-07-09,1,1,금융은 신뢰인데    믿을수가 없으니  많이 아쉽네요 아직도 중금채를 못가져오네요
2017-05-10,5,0,너무좋아요 정말 혁신적이에요 요즘 총자산관리하려면 여기은행저기은행 다들려야햇는데 정말 좋아요 계속운영되길빕니다ㅡ
2017-05-30,3,0,"저축은행이나, 인터넷전문은행은 언제 추가가능할까요"
2017-07-23,4,0,자산관리에 참 편리한 앱입니다. kb증권이 없는것이 아쉽습니다 계역사인데 아쉽습니다
2017-05-30,4,0,잘쓰고 있습니다 다만 구 현대증권이 등록이 안되 많이 불편합니다 추가 계획이 있는지 문의드립니다
2017-08-01,4,0,좋은 앱입니다. 키움증권 계좌도 조회 가능하게 해주세요
2017-08-16,4,0,카카오뱅크나 k뱅크같은 인터넷뱅킹도 연결되게할수없나요???
2017-08-10,4,0,k뱅크는 왜 연동이 안 되나요?
2017-06-23,2,0,"참~~~신한은행, 우리은행 저 본인거가 사용자명이 다르다고 등록이 않된다고요. 남편거는 다 등록이 되는데..."
2017-07-18,4,0,현대CMA 연동이 안되네요. 연동부탁드려요.
2017-06-09,3,0,등록할게 너무 많아 포기했어요
2017-08-12,4,0,총 자산 합계가 되면 도 좋겠네요! 중고차시세등 업데이트 되어야 할 부분이 많네요!
2017-08-05,4,1,쓸만한데 케이뱅크와 카카오뱅크 지원이 안되네요.
2017-05-25,2,0,계좌 금액이 안맞네요 업데이트를 했음에도 불구하고 그리고 삼성카드 결제금액이 없는데 미결제금액이 있다고 나오네요
2017-04-14,4,0,유안타증권은 연동안되나요?
2017-07-05,4,0,편하게 잘쓰고있습니다. 하지만 저축은행등의 계좌까지 볼수 있으면 더 좋을것같네요.
2017-06-19,4,0,Kb증권도 넣어주셔야죠.... 구현대증권인데. KB증권이 없네요... 다른건 괜찮은 듯합니다.
2017-04-24,4,0,kb증권은 연동 안되나요?
2017-04-27,2,0,다른건 조회가 잘되는데. 삼성화재 조회가안되네요. 그리고 펀드슈퍼마켓은  추가안되나요?
2017-06-13,5,0,잘 쓰고있는데 kb증권이 빨리 추가됐음 더 좋을거 같습니다
2018-07-05,5,1,업데이트 너무 기대됩니다~~^^
2017-04-19,5,0,한국장학재단도 추가해주세요
2017-04-29,3,0,부채는 카드사용 내역만 관리되나요? 따로 등록해서 관리할수는 없나요?
2017-06-21,4,0,케이뱅크 자산 업데이트 계획 없나요?
2017-07-17,5,0,K뱅크 카카로뱅크도 추가할 수 있도록 해주세요
2017-08-07,5,0,우체국 보험은 언제 이용가능한가요?
2017-06-29,3,0,케이뱅크는 업데이트 안되나요?
2017-05-16,3,0,kb증권은 자산등록이 안 되네요...
2017-04-08,5,1,한국투자베트남
2017-08-15,5,0,너무조아요ㅎㅎ~~~!!
2017-06-12,3,0,KB증권은 언제쯤 추가되나요???
2016-12-20,4,28,"먼저 한 앱에서 자산을 볼 수 있어 편하게 쓰고 있습니다.  추가적으로 금융기관에 저축은행과 보험사가 더 추가되었으면 합니다. 그리고 카드사 중 카드승인내역에서 금액이 예를 들어 2,000원으로 나오는것도있고  2와  ,000원이 분리되서 2줄로 나옵니다.  그리고 현대카드는 아직 결제한게 저는 없는데.. 앱에서는 미결제 금액 0원이라고 나옵니다..."
2017-01-13,1,18,여러 은행 및 카드사를 한번에 등록 혹은 갱신할때 각각 인증서를 따로 선택하고 암호를 또 따로 한개씩 입력 받음. 약관 동의를 하고 또 자체 인증서를 또 요구함. 인증서 암호 입력 훈련하는 용도로 딱임.  동일한 인증서 사용 버튼 하나 만드는게 어려웠던거 같음. 그리고 nh 생명의 대출금은 잡히지 않음.
2017-01-31,4,19,쇼핑본  것 중에도 금액을  쪼개서 항목을 분류해 저장하고 싶을 때는  어찌해야 하는지요? 지난번 가계부에서는  가능했는데... 그리고 통장에  들어오는  입금액도 기록이  되면  좋겠습니다. 한마디로 통장 기록이 다  들어왔음 좋겠습니다.  어째든  유용한 앱이네요 일일이  가계부 기록하지  않아서 참  좋습니다.
2017-02-24,4,0,좋아요.  키움증권이 포함되면 좋겠구요. 이번에 인수한 kb증권도 조회가 안되네요;; 대우증권은 제가 주식계좌가 여러개인데 하나만 잡히네요~~ 추가로 공인인증 로그인을 간편로그인으로 전환은 어떻게하나요?
2017-01-05,5,6,전반적으로는 너무 만족하고 있습니다! 다만 키움증권이 없고 펀드슈퍼마켓도 등록이 안되요 추가해주세요                                또한 목표설정할때 kb계좌들만 연결이 가능하네요 타은행계좌도 연결할 수 없을까요?
2017-01-05,3,4,보험은 끌려오는데 연금펀드는 정보가 끌려오지 않네요. 단순 오류인건가요? 그리고 매번 자동이체로 빠져나가는 이체금액 내역의 이름에 매달 날짜가 들어가서 한번 이체내역의 분류를 변경해도 매달 동일하게 지정되지가 않네요. 사용처/이체계좌 등에 따라서 자동으로 분류는 불가능한가요? 마지막으로 어서 빨리 저축은행들도 등록이 됐으면 좋겠습니다.
2017-03-10,3,0,"처음 써보기 시작해 이것저것보고 있는데,자산내역에 한국장학재단도 추가할 수 있으면 좋겠네요. 아무래도 사회초년생이라 학자금 대출을 신경쓰게 되는데 이런 서비스까지 제공해 주시면 좋겠어요!"
2017-01-06,5,1,여러 계좌를 한 번에 볼 수 있어서 참 편리합니다. 미래에셋대우로 바뀐 후 계좌 등록을 했는데 CMA 계좌는 추가가 안되네요. 일시적인 오류인지 아니면 추가가 안되는 계좌인지 확인 부탁드립니다. 추후 update에서 추가할 수 있으면 좋겠습니다. 감사합니다.
2017-04-04,5,1,지출관리&gt;지출수정&gt;지출수단설정 들어가봤는데 입출금통장만 나와있고 체크카드로는 나와있지않아요.(제가 입출금 통장&체크카드 연동이라서 그런가..)  그래서 지출이 체크카드로 안되고 현금으로 다 표시 되는 건가요? 체크카드로 지출 표시되게 방법은 없나요?
2017-02-04,3,0,체크한 금융사마다 다 공인인증을  각각해야되네요. 이부분  불편하구요. 현금영수증은 어디기준인가요? Kb계열이데 kb투자증권은 없네요. 많이 개선되어야할것 같습니다.
2016-12-07,5,4,기존 정보를 다시 사용할 방법이 없네요. 물론 기존에 미리 인증번호를 받으면 가능하겠지만 기기변경이 아닌 해당폰의 os업데이트나 처기화시에 10분이 넘어서 인증번호가 만료되면 어떻게 해야 하나요? 또한 미리 인증번호를 받아놓고 해야한다는걸 모르는 사람은 어떻게 해야 하는건가요? 물론 공지사항이나 여기저기 뒤져보면 어딘가 언급이 되어있긴 하겠죠... 그런거 다 살펴보면서 하는 사람이 얼마나 될지 궁금합니다.
2017-03-23,3,0,몇일전에 알게되서 쓰고있는데요 업데이트가 수동으로만되는건가요? 업데이트가 느리기도많이느리고 업데이트한뒤에 다시접속을해야하는건가요? 제가잘못하고있는건지  다른부분은다좋은데 업데이트가 좀.. 답변부탁드립니다
2017-03-21,4,0,실행할 때 마다 매번 공인인증서 비밀번호를 입력하는게 불편합니다. KB스타뱅킹의 지문로그인처럼 간편한 로그인 방식이 도입되면 훨씬 편리하게 사용할 것 같습니다.
2017-01-20,4,0,"모든 금융거래를 한눈에 볼수 있어서 좋습니다 . 단, 현대백화점카드는 없네요~ 백화점 신용카드도 추가등록 부탁드립니다,(긴급!!)  또한, 업데이트 시간이 상당히 오래걸립니다. 그리고 UI 도 깔끔한 편이긴 하나 너무 많은 정보를 담을려다 보니 심플하지 못합니다,  추후 개발 부탁드립니다, ^^ 고생하셧어요"
2017-01-15,3,0,지출  자산등이 자동으로 등록되서 편하긴한데 자동업데이트기능이 생겼으면좋겠어요. 매번 업뎃을 눌러야하고 반영되는 시간도 좀 걸려서 불편해요. 그리고 결정적으로 지출을 별도로 추가할수있게 변경해주셨음 좋겠어요. 통장에서 출금이 안되거나 가족 명의 카드로 쓴경우 등 지출 등록을 별도로 하고싶은데 그 기능이 없어서  너무 불편해요.
2017-03-29,4,0,"다좋습니다. 근데 저는 NH투자증권의 나무증권계좌를 사용하는데 나무는 조회가 안되네요, qv만조회가 되는것같고. 나무같은 모바일전용계좌는 언제쯤 이용이 가능할까요??"
2017-03-13,5,0,너무 편리하고 좋습니다 다른 가계부는 자산현황 하나하나 다 설정해야했는데 이건 체크만 하면 알아서 설정되어 최곱니다 그런데 빠른 로그인은 어떻게 설정해야 하는지요?아무리 찾아봐도 없어서요 또한 국민은행의 계좌별명이 연동됐음 정말 편리하겠네요 오래쓸수있는 앱이 되길 바래봅니다
2017-03-08,4,0,"늘 수기로 관리하다가 계좌, 금액을 한번에 볼 수 있어서 좋은데 약간의 문제점이 보여 남겨요. 신한투자증권 cma는 같은 계좌가 펀드/증권과 기타 2곳에서 중복으로 잡히고, 미래에셋대우증권은 cma는 잡히는데 주식거래 계좌는 잡히질 않네요. 한국투자증권 주식계좌는 잡히는걸 보면 주식계좌 자체가 안잡히는건 아닌듯 한데... 이유가 뭔가요? 앱 상에선 문의를 할 수 있는 곳이 없어서 여기에 남겨요"
2016-12-06,3,2,롯데손해보험 생명이없고 저축은행도없고 자산등록이미흡
2017-01-16,5,0,"정말 잘 쓰고있습니다 ^^ 지출 내역 내보내는 기능이 있는건 알겠는데, 혹시 수입, 계좌간이체까지 볼 수 받아보는 기능은 없나요? 없다면 개발계획은 없으신지...ㅎㅎ..."
2017-03-02,5,0,한눈에 볼수있는건 좋아요~~ 다만 개개인 공인인증 등록이 불편.보안때문에 하기 해야겠구.ㅋ 현대해상.공인인증 했는데.계속 오류 등록되진 않은인증만 뜨네요.ㅠ 현대해상 어플은 공인인증 로그인 잘되는데~문의사항 물어볼 전번도 없구.여기다 남기네요.ㅠ 은행에 문의하니 먼소린지 알아듣지도 못하구.ㅠ
2017-01-26,3,0,"최초 등록시 지출분류가 거의 다 기타로 분류됩니다. 카드사용내역에서 지출되는 곳의 특징적인 글자(예:%백화점% , %보험%)는 미리 카테고리를 분류하여 기타분류가 아닌 특정 분류로 분류되게 하면 좋을것 같습니다. 그리고 등록되는 구분자와 정확히 일치하는 것이 아닌 ""포함""된 글자로 하는 편이 사용자가 덜 수정 할것 같습니다. 전 우선 그냥 다시 지워야겠네요.. 지출 분류하기 너무 힘들어요.."
2017-01-17,3,0,로그인 하려고 하는데 공인인증서가 국민은행이 등록된게 아니라 안되네요. 국민은행 어플 깔아서 타행 등록하려고 해도 계좌가 없어서 로그인이 안되구요
2016-12-02,3,3,기업은행의 경우 사이트 변경으로 인해 등록 불가로 나오며 기타 보험사 인증서 등록에 대한 설명이 필요함
2017-01-03,5,0,쵝오! 근데 제가 잘못 봤는지... kb증권은 왜 등록 안되죠?
2017-02-11,5,0,전반적으로 만족합니다. 다만 구 현대증권 연동이 안되는건지 궁금합니다
2017-01-17,4,0,가계부기능을 생각할 때 수입 부분에 대한 기록이 남아 있으면 좋겠습니다 궁극적으로는 자산에 포함 되기는 하겠지만 매달 수입 현황이 어떤지 모니터링 하고 싶습니다 다음에 업데이트할때 한 카테고리로 만들어 주시면 안될까요? 그리고 현금지출 입력하고나서 변경이 어렵네요 카테고리변경 외에 액수나 날 수정가능하도록 해주세요
2017-03-09,3,0,법규상 문제라지만...   1인가정 가계부도 아니고..   가족 계좌가 연동이 안되고 카드의 경우 남편명의 가족카드를 주로 사용하는데 이것도 지출목록에 잡히지를 않으니 어찌해야 할지...  일단 남편것을 따로 잡아 놓기는 했지만...   다양한 분석을 보여주기는 하나 종합적인 살림가계부로서는 많이 부족하게 느껴집니다.  예전  국민은행가계부는 다 연결되어서 좋았는데 말입니다 어떻게 방법이 없을까요
2017-03-19,4,0,"제가 친구한테  돈을 입금했을때 , 그건 식비일수도 있고 물건값일수도 있잖아요? 이번은 식비라서 카테고리를  식비로 지정한후 저장하면 , 앞으로 제가 그 친구한테  보내는 돈은 죄다 식비카테고리로 저장이 되는데요.   [다음지출내역부터 ×××는 ###으로 분류됩니다.카테고리를 변경하시겠습니까?]하고  알림창이 뜰때  '이번만 변경하겠습니다'라는 선택지가 있으면 좋겠습니다. 꼭 신속히 다음 업데이트에 반영해주시면 감사하겠습니다."
2016-12-09,1,2,내돈은 다 키움증권에들어잇는데 그게없으면 무슨 자산관리를 보여준다는거야
2017-03-09,4,0,도움이되네요 근데 갑자기흥국생명 조회안되네요   해당 금융기관의 사이트 변경으로 정상적으로 조회 되지 않습니다. 해당 금융기관 사이트를 확인 하세요.  제가확인해야하는거 아니죠?
2017-01-15,2,1,KB은행을 기준으로 시작하여 통합정보기대감에 시작했는데 관련법 사유로 KB증권 등록이 안된다는 사유를 시작하고서야 다른분의 리뷰 답글을 보고 알았습니다 다른것은 몰라도 그룹내 자산등록은 될꺼라 생각했는데 언제 하겠단 예기도없고 자사금융 통합등록도 못 시행하면서 어찌 편리함과 유용함을 논할 수 있겠습니까?. 기냥 삭제합니다
2016-12-04,3,2,등록시 에러코드 CZC7FFFF 로 계속 재시도하라고하면서 등록이 안되는데 어떻게 하면 될까요..
2017-01-23,4,0,체크카드의 경우 은행과 카드를 같이 등록하면 지출이 2배로 잡힙니다. 개선이 필요할듯
2017-03-07,4,0,"외화통장이나 역외펀드의 금액이 ""원""화로 표기되어 다른 금액들과 단순 합계로 합쳐집니다. 최소한 당일 환율로 곱해서 합쳐지던지 아니면 해당 외화는 별도로 표시 되어야 할것 같습니다"
2017-02-28,3,0,삼성생명은 왜 계속 오류가 나나요? 퇴직연금 계좌있는데 로그인 정보도 정상이고 수회 시도했지만 오류가 난다고 하네요...
2017-01-05,1,0,다른건 있는데 국민은행이 만들어서 국민증권이 없던데 아니 이건 도데체 무슨경우에요?ㅋㅋ 어이가 없네
2017-03-14,4,0,kdb생명은 조회는 뜨는데 금액은 가져오질 않네요ㅠ 그리고 국민체크카드 사용내역이 모두 현금내역으로 합쳐져있어서 구분이 되지 않습니다. 과거 결재내역을  지정하는데 한 내역을 특정카테고리로 지정시에 그 이름의 내역에 모두 일괄적용되면 덜 번거로울것 같습니다 그래도 처음으로 금융내용 모아서 보니 신기하고 편하네요 앞으로도 업데이트 부탁드립니다~
2016-12-07,3,0,포인트항목에 Ok cashbag 추가됐으면 합니다. 국내에서 회원이 제일많은 곳인데 지원을 안하니 난감합니다.
2017-03-28,1,0,앱 고객센터 번호도 없고 문의는 어디에 해야 되나요 kb고객센터에 문의했더니 모르겠다는 식으로 말하고 고객센터 번호 좀 남겨 주세요
2017-01-10,1,1,자꾸 오류라고 뜹니다 엣지7 쓰구요 해당기관 로그인을 못했다고하네요.... 원래 안되는건가요?? 그럼 의미없는데... 어케하나요!!!????????????
2017-01-27,1,0,현대카드 홈페이지 아이디 비번이 맞는데... 카드가 왜 등록이 안되구 자꾸 오류로 뜨는지!~ 제가 잘못 된건지 어떻게 된건지 답답하고 짜증만 나는군요...
2017-03-09,3,1,Kb증권은추가할수가없네요 그게좀불편해요
2017-02-07,2,0,아직 어플이 많이 불안정하네요 버퍼링에서 멈추는 경우도있고 튕기는경우도 있고 개선부탁드립니다
2017-02-17,4,0,"국민은행-보통예금(급여통장) 기업은행-보통예금 기업은행-적금 기업은행-주택청약 이렇게 4개의 계좌를 보유하고 있는데 자산등록을 했는데 금융자산에 1.국민은행(보통예금),2.기업은행(보통예금),3.기업은행(보통예금) 이렇게 나타납니다. 기업은행(보통예금)을 하나 지우고 적금과 청약을 나타나게 할 수는 없는건가요?"
2017-04-05,4,0,잘 쓰고 있습니다. 키움증권과 우체국보험도 추가 좀 해주세요
2017-02-28,5,0,HMC투자증권이랑 현대카드도 빠른 시일내에 추가 해주세요 너무 불편합니다.
2016-12-20,5,0,은행권은 인증서 있어서 등록됐는데 증권사는 등록하려니 기존에 추가한 은행인증서만 나오네요. 증권사 인증서 추가등록 하는 방법을 알고싶습니다. 그리고 라이나생명도 목록에 없네요.
2017-03-23,4,0,자산등록 금융기관 중 kb증권은 없는듯 하네요 kb증권은 추후 추가할 계획이 없으신지...ㅜ
2017-04-28,4,0,하나은행도 함께사용하여 연동하였는데 하나은행에서 가입한 주택청약이 만기되었다고 하여 놀라서 은행까지 다녀왔습니다 정작 하나은행에서는 만기일자가 없다고하는데 이어플에서는 만기일자가 몇월몇일이다 구체적으로 뜨네요 어떻게된건가요?
2017-01-09,3,0,카드결제시에만 기록되는거같은데 현금으로 지출하고 가계부작성하려면 어떻게해야하죠?
2017-04-05,2,0,그래도 나름 대기업에서 만든것 치곤 넘 느리고 조잡한것같네요 ㅠ
2017-01-23,4,0,신한은행 접속이 안된다고 뜨네요. 사이트가 변경되었다고 하네요ㅜㅜ
2017-01-10,3,0,응답코드에러라고 안뜨는데 확인해주세요~;;
2016-12-02,3,1,많은 보험사중에 가입한 dgb가 없네요 그리고 증권사는 계속 오류가 뜹니다.
2017-02-19,4,0,정말 편리하고 좋은 앱입니다. 다만 보험사 변액보험 같은 경우 중도인출된 액수가 반영이 되지 않네요.
2017-02-16,3,0,보험목록에 동부생명은 없네요 그리고 하나하나 뭐 해야될게 너무 많아요 ㅠㅠ
2016-12-13,4,0,IBK 연금보험 퇴직연금 안뜨고 동부증권은 계속 에러나네요 전반적으로 만족합니다
2016-12-09,5,0,한 눈에 볼 수 있어 좋네요
2017-03-30,4,0,리브에 모바일외화지갑에 있는 외환하고 가족명의의 통장자산도 금융자산으로 볼수는 없나요??
2017-03-16,3,0,"한 번에 지출 내역 보기 편하다고 하기에 설치해봤습니다. 20대 초반이다보니 인터넷 쇼핑을 너무 자주 하게 되서, 지출 내역을 보고 조절해야겠다 싶던 참이었거든요.   근데 어플이 전체적으로 좀 느릿하다고 해야 하나? 무거운 감이 없잖아 있더라고요… 제가 등록한 정보라고는 이용하는 통장 한 개랑, 해당 통장과 연결된 체크 카드 하나 뿐인데도요. 이 부분은 약간 개선이 되었으면 좋겠네요. :) 그 외엔 마음에 듭니다.  지출 기타 내역에 속하는 걸 원하는 대로 분류할 수 있도록 개선되었으면 하는 맘도 있지만, 솔직히 본사에서 이런 거 빨리 못하잖아요. 금융권 프로그램 관련 종사자라 알고 있습니다…   혹시나 하는 맘에 개선 희망 사항 리뷰로 한 번 등록해보았어요. 리뷰에 답글 달리는 걸 보니 확인하시는 것 같더라구요 ㅎㅎ 바쁘실 텐데도 감사합니다.  리뷰에서 보던 대로 인증서 비밀번호는 참 많이 요구하더군요 ㅋㅋㅋㅋㅋ 뭐 어려운 것도 아니라 저한텐 별로 중요치 않은 부분이었지만요~  평온한 하루 되시길 바라요!"
2017-02-07,3,0,kb증권은 아직연동이안되나요?
2016-12-09,5,0,은행별로 사이트 안 찾아 다니고 한 곳에서 다 조회가 되네요..
2016-12-06,3,0,다른 덴 다 되는데 ibk하고 ing는 계속 오류나네요.
2017-02-02,3,0,KB에서만든건데 KB증권이 빠져있네요. 구 현대증권도 추가시켜주세요~
2016-12-04,4,0,새마을금고 공제/우체국 보험은 없나보네요. 추후 등록 되나요??
2017-03-15,3,0,어플이 너무 느려요. 학자금대출도 추가하면 좋을거 같습니다.
2017-03-14,5,0,kb증권은 안보이는데 등록하는법좀 알여주세요
2017-03-04,4,0,증권사 중 KB투자증권 반영이 안되어있네요
2016-12-31,1,0,ONE카드 사용자는 로그인을 할 수가 없네요.
2016-12-09,5,0,잘사용하고 있어요..은행들 자금도 쉽게 확인할수있고 좋아요~
2017-02-21,4,0,보험란에 동부생명  추가부탁합니다
2016-12-01,4,0,KB증권은포함이안되요
2017-02-21,5,0,현대라이프생명에 관련된 모든 자료가 반영이 안됩니다.
2017-03-28,4,0,kb증권은 왜 등록가능기관에 없는건가요?
2017-03-18,3,0,KB인데 KB증권이없어
2017-02-15,4,0,"펀드슈퍼마켓, 키움증권도 추가해주세요."
2017-04-05,4,0,현금같은경우는 어떻게 적어야하죠?
2017-01-26,3,0,Kb투자증권은 등록이 안되나요?
2017-01-02,3,0,날마닦 업데이트 오류
2017-02-02,3,0,저축은행(대신저축은행)과 보험사(dgb생명)가 추가되면 좋겠어요
2017-04-06,5,0,숨겨져있던 자산을 한눈에 보여서 좋았다
2017-01-06,4,0,부부계좌가 엮이지 않아서 반쪽짜림
2016-12-09,5,0,좋아용
2017-02-03,5,0,우리종합금융사는  등록이 안됩니다
2017-04-04,4,0,언제 업데이트되나요?잘쓰고있습니다
2017-03-07,4,0,KB증권은 언제쯤...
2017-01-05,5,0,정말 좋은 어플이네요 :)
2017-01-16,4,0,차근차근 알아가는 중
2016-12-09,5,0,편리하고 좋아요
2016-12-16,5,0,훌륭해요
2016-11-11,2,1,몇몇 은행이나 카드사는 계속 등록할때마다 오류가 발생하더라고요.. 특히 신한은행은 마이머니 업데이트 할때마다 뱅킹접속으로 인한 거래차단 문자가 계속오고.. 종종 어플내부의 에러메세지도 떠서 불편하네요
2016-11-20,4,0,"여러곳에 흩어진 자산을 한눈에 볼 수 있게 정리하니 참 좋습니다. 증권사,보험사 등록시 오류만 해결된다면 흠잡을데가 없네요~~^^"
2016-11-23,2,1,"[Web발신] [신한은행,사고예방] 뱅킹접속과 관련하여 거래 안전을 위해 이체가 제한되었습니다."
2016-11-10,5,1,한 번에 모아서 보니깐 좋네요. 세상이 참 좋아졌네요 ㅎㅎ 앞으로 더 써봐야 알겠지만 우선 지금까진 최고입니다.
2016-10-27,2,7,브로콜리랑 비슷하네요.. 더 많은 제휴가 되어 있어서 좋지만.. 공인인증서 하나씩 다 로그인 해야하는점 등 브로콜리 대비 불편한점이 많습니다. 앱도 너무 무겁구요.. 계속 오류 메시지가 뜹니다. 테스트를 더 해야할듯합니다. nh투자증권은 하나의 cma가 두개로 잡혀 금액이 두배로 됩니다. 그리고.. 소멸성 보험 납입금을 자산으로 잡으니 보험사는 다시 지우게 되네요. 저축성과 소멸성 상품 구분 부탁드립니다.
2016-10-29,4,2,한화증권은 아이디나 비번이 계속 오류라고 하네요. 한화증권에서는 정상인데요. 그리고 메리츠종금하고는 제휴 계획이 있나요?
2016-11-27,4,0,일단 자산을 한눈에보고 카드미결제금액도 한번에 볼수있어서 좋아요. 다만 증권사중에 키움증권이 없네요. 추가해주세요. 그리고 앞으로 좀더 편리하게 관리할수있도록 많은 업데이트해주세요.
2018-09-30,1,1,모든 기관 인증서 로긴도 모자라.. 실컷 하니 에러.. 개비은행만 정상등록 ㅋㅋ 그뒤 재등록하려해도 오류메시지.. 니들 그러고도 연봉이 억이 넘는다며??
2016-11-22,3,0,대우증권이 조회가 되지않습니다. 미래에셋이 합병을 했지만 서버통합이 되지않고 서로 다른 서버를 사용하기때문에 미래에셋을 통해서는 조회가 되지않아요.
2016-11-01,3,1,한번에 볼수있어서정말 좋아욥 근데키움증권이랑 메리츠화재는 볼수없으까요 ㅜㅜ
2016-11-14,3,0,미래에셋대우에서 자산을 운용하는데 추가되어 함께 확인했으면 좋겠습니다.
2016-11-28,3,0,한화생명만 그런지 일부 보험사는 아직 서비스가 안되서 총 자산파악이 안되네요 추가되면 잘 쓸거같아요 또 고객문의도 좀더쉽게 할수있길
2016-11-03,4,0,다른점은 다좋은데 현대카드와 동부화재 보험사가 등록이 안되네요.
2016-11-25,3,1,22일까지 수정된다고 말씀하셨는데 25일인 아직도 수정이 안되었네요. CZC72411 오류 관련 문의드렸었습니다.
2016-10-31,4,1,우체국 보험 ibk생명 도 됬으면 합니다
2016-11-27,3,0,이거 어떻게 해결해야하나요? 초반에 잘썼는데 언제부턴가 이용기기 등록이 자꾸 떠서 업데이트가 안됩니다 이용기기등록 초기화해도 그러네요 뭔가 제 계정이 꼬인것 같습니다
2016-11-08,3,0,그런데 앱이 좀 무거운편이고 요즘같이 가계부채가 엄청난 때에 부채관리에 좀 더 용이했으면해요~ kb에서 하는건데도 kb카드론은 왜 부채로 안잡히는지 모르겠네요. 카드 미결제금액만 잡히고~ 그리고 sc은행 오류로 계속 인증이 안돼요. sc은행 스마트뱅킹에서는 전혀 문제 없이 로그인 가능한 상태인데 왜 이러는지 모르겠네요 ㅜㅜ 저축은행까지 범위가 넓어지면 더 좋을것같아요. 자산이랑 지출내역 한눈에 확인가능한건 너무 편하고 좋아요
2016-11-08,3,0,동부생명사.메리츠손보등 그래두 알아주는 곳들인데 없는거죠??? 언제 추가되나  싶네요???
2016-11-02,3,0,앱이 전체적으로 에러가 많습니다.. 뭐만 하면 에러를 뿜뿜 하네요.. 그리고 신한금융투자 CMA계좌는 조회가 안되나요? 계정정보 입력했는데 같은 계좌번호가 3개뜨는데 전부 0원으로 나오네요
2016-11-08,2,0,매트라이프 공인인증으로 등록되게해주세요 그리고 뒤로가기누르면 계속 에러뜨고 자동차등록16년형 업로드부탁드려요
2016-11-10,2,0,현대라이프는 목록에 없네요 제가 가입중인 보험인데요 확인좀 부탁드려요
2016-11-23,4,0,다른보험에 가입한건 다 추가가 되었는데 하필이면  AIA생명이 없네요
2016-11-06,2,0,안되면 쓸 의미가 없네요
2016-11-07,4,0,전에는 일일이 찾아들어가서 확인했는데 이제는 포트폴리오 파일처럼 한눈에 명확하게 볼수있어서 좋은것같아요.
2016-11-21,1,0,메뉴 버튼 누를때마다 그 어떤 버튼을 눌러도 에러가 뜹니다 도와주십시오
2016-11-12,3,0,키움증권을 등록하고싶은데 키움증권은 안 나와잇어서 문의드립니다
2016-11-21,3,0,"kb투자증권,동부생명,신협화재,신협생명,메리츠화재 없어요ㅠ"
2016-11-22,3,0,늘 년초만 세웠던 계획 2017년에는 꼭 한해 계획적으로 살아야것다..
2016-11-14,2,0,오류만 안나면 괜찮을듯한데   현대쪽은 계속오류가 납니다
2016-11-24,5,0,이런게 있다니 깜놀 매우 유용하네여
2016-11-08,2,0,삼성화재 현대해상 계속 처리안되요
2016-11-20,3,0,업데이트가 빠른시일내 됐으면 합니다
2016-11-15,3,0,저축은행은 없네요.
2016-11-15,5,0,좋아요
2016-10-02,4,8,한번에 모든 은행 잔액 볼 수 있어 관리가 쉽네요. 대우증권은 미래에셋으로 통합되었는데 조회가 안되네요 업데이트 부탁드려요~
2016-10-03,3,4,[CZC72F10] 해당거래에 실패했습니다. 라고 뜨는데요 부산은행꺼만 조회가 안되네요 부산은행어플 자체내에서는 정상작동 됩니다
2016-10-14,3,1,국민은행 빼고는 해당 금융사에 등록되어있지 않는 인증서라고 나오네요... 타기관 인증서 등록을 각각에 직접 다 해야 사용가능한건가요?
2016-10-14,5,0,처음 실행할 때 공인인증서 등록을 kb스타앱에서 해야됐는데 그 앱은 좀 불친절. 개발자가 다른 듯. 더 써봐야 알겠지만 아직까진 좋네요
2016-10-05,5,1,이런 어플은 또 처음이네요. 모아놓고 보니 생각보다 돈이 많은 것 같아서 기분 좋다가ㅋㅋ 지출은 생각보다 많이 써서 깜짝 놀라고..ㅋ 재미있는 어플이네요. 추천합니다~
2016-10-26,3,0,어플자체가 무거워서 느리고 오류도 좀 있네요. 증권사 업뎃은 항상느리고.. 좀더 빠르고 가벼워지면 아주 좋은어플이 될 것 같습니다
2016-10-27,1,1,이렇게 전부 에러라고 뜰꺼면 홍보를 하지말아야지  증권사는 바뀐지가 언젠데 아직 미래에셋으로 뜨고 조회누르면 전부에러네요 깔자마자 지우네요
2016-10-12,4,0,참 좋은 앱인데 하나은행 하나카드 광주은행 계속 오류가 나네요. 증권사는 아니지만 우리종합금융도 들어갔으면 좋겠습니다.개발자님 고생많으십니다.
2016-10-11,3,0,"국민은행 것은 등록이 자동적으로 되기 때문에 주거래은행으로 쓰는 제 입장에서는 나쁜 편이 아니지만 농협 및 신한은행에 들어있는 외화 및 금통장 계좌가 뜨지를 않고 입출금 통장만 뜨는 점,교보생명 및 한국투자증권이 오류로 인해 등록이 않되는 점이 마음에 않드네요.개선해주세요ㅠㅠ"
2016-10-11,1,0,타 기관 등록하느라 일일이 인증서 비번 다 입력하고 약관 동의하니 에러... 다시  시도했으나 또 에러... 시간 낭비 시키고 화나게 함
2016-10-06,5,0,여기저기 흩어져있는 자산을 한눈에 볼 수 있어서 너무 좋은 것 같아요 대우증권은 미래에셋이랑 통합됬는데 아직 안되용 업데이트해주세용!
2016-10-26,3,0,Nh투자증권은 자꾸 오류가난다면 확인이 안되네요. . . 이것만보이면 되는데. . .
2016-10-08,5,0,그런데 저축은행은 언제쯤 가능하게 될까요?
2016-10-07,2,0,제 입장에선 아직 안되는게많네요 같은 은행 사업용계좌는 같이 못보고 kb투자증권도 같은계열사라서 오히려 안되고? 나참.. 일부로 편하려고 같은계열사 증권사 이용하는데 안된다.. 아쉽네요 어플의 취지처럼 통합자산관리를 한화면으로 볼수있길 기대했는데 결론은 들락날락 따로관리.. 고객센터 문의해서 안 사항이니 전화번호 남겨주지마세요
2016-10-27,4,0,참 맘에 드는데...  메리츠화재보험도 추가시켜 주심 딱 좋을듯한데 안될까요??
2016-10-27,3,0,하나은행은 자꾸 오류가 나고 연결이 안됩니다 지출에 적금도 포함되어 불편한데 분리할 수 있나요
2016-10-04,2,3,한국투자증권은 연동시 오류가 발생하고. KB투자증권은 보이지 않네요
2016-10-21,5,1,여기저기 뒤지지 않아도 되니 더 게을러지겠네.^^
2016-10-18,1,0,"다른 리뷰를 보시면 아시다시피 등록 오류가 심함. 여러 은행을 사용하는데, 등록 실패뜨고 참.. 빛 좋은 개살구란 말이 생각나네요."
2016-10-20,5,0,원래 리뷰 잘 안다는데...다른 은행 잔액도 다 보여서 한눈에 보기 넘나 편리하네옄ㅋㅋ
2016-09-29,5,6,다른 은행에 있는 내 자산까지 모두 알 수 있어서 편하네요
2016-10-12,4,0,앱 자체에 건의사항을 올릴 수 있는 곳이 없네요 이런 서비스 좋아요 편하네요 그런데 저축은행도 추후 서비스 예정인지 궁금합니다 또 신한카드를 등록했는데 지출내역에 잡히지 않고 미결제금액도 신한카드 어플로 보는거랑 달라요. 신용카드 체크카드 두갠데 이것도 분리되어서 보였으면 좋겠어요 또 금융자산에서 입출금이랑 적금/예금 분리되어서 볼 수 있었음 좋겠어요~
2016-10-19,5,0,자산 등록시 메트라이프 경우 아이디를 별도로 신청해야 되서 공인인증서 등록으로 변경해주시면 더 좋겠어요!
2016-10-14,3,0,펀드온라인코리아의 펀드슈퍼마켓과는 제휴가 안되어 있나보네요. 그리고 입력한 계좌 별명이 금융자산 리스트에서 확인이 되면 좋겠네요
2016-10-19,3,0,추가 부탁드립니다
2016-10-18,3,0,KB투자증권이 없습니다. 자산등록을 할수가 없어요
2016-10-17,1,0,ic카드인증서로 로그인 할 수있는 방법이 없어요~
2016-10-17,2,0,.
2016-10-25,4,0,농협 예금통장이 두 계좌 있는걸로 표시되고 복리예탁금통장은 조회나 안됭네요.
2016-10-05,5,0,근데 DGB생명도 조회가능하게 해주세요.
2016-09-29,5,1,잘 쓰면 돈이되는 서비스가 될것같네요. 기대됩니다!!
2016-10-18,5,0,금융서비스의 종합편이네요. 처음으로 자산을 모아보니 흐뭇하네요. 부자된 느낌.아껴야 잘 산다!!! 화이팅
2016-09-29,5,1,"은행, 카드 등 내 금융자산을 한번에 볼 수 있어 좋네요."
2016-10-12,2,0,현금 지출을 입력하는 방법은 없나요?
2016-09-29,5,1,사용하다보니 정말 내자산과지출이 한눈에보여요!
2016-10-05,4,0,대우증권과 메리츠화재 조회되게 해주세요
2016-10-05,2,0,농협 연동안되네요 업그레이드 해주세요
2016-10-06,4,0,현재 연동이 안되니 빠른 업데이트 부탁 드려요
2016-10-07,4,2,키움증권은 없네요
2016-09-30,3,0,이용기기 등록이 안되요.. 뭐가 문제인지도 모르겠구요..
2016-10-04,5,1,가계부 자동으로 채워지니 좋네요
2016-10-04,4,0,kb투자증권이 안되네요
2016-10-16,4,0,삼성 현대카드 제대로 입력했는데도 에러나네요 확인해주세요
2016-09-29,5,0,Aweeeesome!
2016-10-14,5,0,역시 리딩뱅크!
2016-09-29,5,0,멋져요 ㅎㅎ
2016-09-29,5,0,자산관리에 도움이 많이 되네요
2016-09-29,5,0,와 새로운 앱이네요
2016-09-29,5,0,마이머니가 좋은머니 부자머니되세요
2016-10-11,5,0,통합관리되니좋네요
2016-09-29,5,0,얼~ 굿^^ 드뎌 나왔군요 쵝오!
2016-09-29,5,0,한눈에 쏘옥~~
2016-10-04,5,0,굿
2018-02-20,1,0,이야~기가 막히네요. 어떻게 우리나라에서 좀 크다는 KB금융이란 곳에서 이런 속터지게 짜증나는 앱을 만들수있죠? 오류오류..전체적으로 업뎃이 안되고 하나하나 일일이 업뎃해야되고 그것도 계속 안되고.. 머하자는겁니까 당장 지울랍니다ㅡㅡ
2016-11-28,2,0,"로그인은 오류가 나고, 그럴거면 버튼을 없애던가. 실제 등록가능한 보험사나 증권사, 제2금융이 없는게 많으네요."
2017-01-31,3,0,체크카드와 계좌를 분리해줬으면 좋겠습니다. 카드로 승인한 금액과 계좌이체로 사용한 금액을 따로 보고 싶은데... 그리고 나라사랑카드가 신용카드로 잡히네요. 지출에서 키워드 구분 기능 있으면 좋겠습니다. 지에스이십오 gs25 온갖 편의점 지점마다 쇼핑에서 식비로 바꾸기 너무 힘드네요...
2018-02-27,2,0,자산 등록시마다 동의하고 인증받아야하고 기기 바꾸면 다시 자산 등록해야하고 등등 불편한 것이 너무 많습니다. 브로콜리 추천합니다
2017-12-13,5,0,부인이 잘 쓰고 있어서 별5개 남깁니다. 그런데 KB 고객님 쓸 수 있나요? 다른 은행 고객은 사용 못 하나요?
2017-06-28,1,0,연동도 잘안되고 오류가 너무 많이 납니다 ㅜ ㅜ 편리한 앱 같아서 어떻게든 써보려고 햇는데 못 쓰겠네요. 개선이 많이 필요할듯 합니다
2016-11-10,3,0,일단 브로콜리보다 제휴되어있는곳이 많아서 좋긴한데요...하나씩 등록해야한다는 불편한점도 감수하겠지만... 문제는 등록방식이 너무 보수(?)적이에요..첫째 보험회사등록도 은행처럼 인증서로 해야합니다. 둘째 포인트등록도 무조건 아이디비번이 아닌 핸드폰인증 등의 간단한개인확인으로 한번에 등록이되어야 합니다. 시럽같이 멤버쉽  관리하는곳에서도 개인확인마치고 바로 발급받지 일일이 사이트가서 회원가입하고 발급받진 않아요.. 마이머니를 위해 굳이 회원가입을 일일이 하고싶진않습니다. 그리고 추가로 현대증권과 기타 포인트 등 더 많이 등록해주세요~ 그럼 국민은행을 신뢰하는 소비자로서 시스템의개선을 간곡히부탁드립니다. 감사합니다.
2016-10-13,2,0,저축은행은 아예없고 외국에보험도없고 키움이나 kb증권도 없어요. 생각은 좋은데 다양하진 않아서 불편
2016-10-23,3,0,외국인이라서 연동이 모두 안됨 기본으로 국민은행만 연동되고 국민은행 카드 연동할려고 해서 인증서하고 명의가 다르다고 등록이 안됨
2016-10-15,1,0,국민은행 공인인증서 하나면 타 은행도 볼 수 있다고 해서 설치 안내 받았는데 결국 안 되더군요. 삭제 완료.
2017-02-17,3,0,나만의 카테고리 만들기에서 기존은 카테고리도 변경할수있었으면합니다 자신에 맞지 않는 것들이있는데 추가는 6개만되고 기존것은 수정이 되지 않으니 필요없는것에 입력하고 메모에 입력행야하는 불편함이 있네요 ㅜㅜ
2016-10-01,1,0,브로콜리가 훨씬 낫네요
2017-07-11,4,0,우리은행  골드예금계좌 (우리골드투자) 연계가 안되요ㅜㅜ
2016-10-07,2,0,한화생명 하나카드 등 6개가 오류나네요  국민은행과 산업은행만 떠요
2017-04-06,3,0,대출관리도 같이할수있었으면 좋겠어요 대출상환계획 목표설정도 같이 할수있으면 더 좋을듯요
2016-10-14,5,0,쓸만하네요 굳
2020-11-17,1,0,등록기관 삭제 하려니 계속 오류만 뜨고 그냥 사용안할랍니다.
2017-03-06,2,0,다좋은데 불필요한 앱이 깔리네요.
2016-09-29,5,0,너무  편리하네용
2018-03-06,1,0,사용불편 다른 좋은 가계부 많음 이상
2016-10-15,4,0,총 자산이 안나오네요
2018-01-06,4,0,처음으로 사용해서 잘 모르는 부분이 많습니다.
2016-09-29,5,1,모아서 보니 좋네요 ^^
2017-02-17,1,0,오류가  너무 많이  떠요
2020-10-01,4,0,The 1ddfb
2019-11-20,1,0,복구 사진
2020-01-24,5,0,말필요없음
2016-10-01,5,0,Good
2018-04-09,5,0,아주좋음
2018-05-05,2,0,안좋아
2017-04-23,5,0,좋아요
2017-05-11,5,1,좋아요
2020-06-13,5,0,굿
2019-12-15,5,0,좋아요
